HeavyAtomMolWt,NumRadicalElectrons,FpDensityMorgan1,FpDensityMorgan2,FpDensityMorgan3,BalabanJ,Chi0,Chi1,HallKierAlpha,Kappa1,Kappa2,Kappa3,LabuteASA,TPSA,HeavyAtomCount,NHOHCount,NOCount,NumAliphaticCarbocycles,NumAliphaticHeterocycles,NumAliphaticRings,NumAromaticCarbocycles,NumAromaticHeterocycles,NumAromaticRings,NumHAcceptors,NumHDonors,NumHeteroatoms,NumRotatableBonds,NumSaturatedCarbocycles,NumSaturatedHeterocycles,NumSaturatedRings,RingCount,fr_Al_COO,fr_Al_OH,fr_Al_OH_noTert,fr_ArN,fr_Ar_COO,fr_Ar_N,fr_Ar_NH,fr_Ar_OH,fr_COO,fr_COO2,fr_C_O,fr_C_O_noCOO,fr_C_S,fr_HOCCN,fr_Imine,fr_NH0,fr_NH1,fr_NH2,fr_N_O,fr_Ndealkylation1,fr_Ndealkylation2,fr_Nhpyrrole,fr_SH,fr_aldehyde,fr_alkyl_carbamate,fr_alkyl_halide,fr_allylic_oxid,fr_amide,fr_amidine,fr_aniline,fr_aryl_methyl,fr_azide,fr_azo,fr_barbitur,fr_benzene,fr_benzodiazepine,fr_bicyclic,fr_diazo,fr_dihydropyridine,fr_epoxide,fr_ester,fr_ether,fr_furan,fr_guanido,fr_halogen,fr_hdrzine,fr_hdrzone,fr_imidazole,fr_imide,fr_isocyan,fr_isothiocyan,fr_ketone,fr_ketone_Topliss,fr_lactam,fr_lactone,fr_methoxy,fr_morpholine,fr_nitrile,fr_nitro,fr_nitro_arom,fr_nitro_arom_nonortho,fr_nitroso,fr_oxazole,fr_oxime,fr_para_hydroxylation,fr_phenol,fr_phenol_noOrthoHbond,fr_phos_acid,fr_phos_ester,fr_piperdine,fr_piperzine,fr_priamide,fr_prisulfonamd,fr_pyridine,fr_quatN,fr_sulfide,fr_sulfonamd,fr_sulfone,fr_term_acetylene,fr_tetrazole,fr_thiazole,fr_thiocyan,fr_thiophene,fr_unbrch_alkane,fr_urea,FractionCSP3,refractive_index,state,E_T(30),E_T^N,coor_0_atomic_No.,coor_1_atomic_No.,coor_2_atomic_No.,coor_3_atomic_No.,max_delta_X_coor_0,max_delta_X_coor_1,max_delta_X_coor_2,max_delta_X_coor_3,min_delta_X_coor_0,min_delta_X_coor_1,min_delta_X_coor_2,min_delta_X_coor_3,sum_delta_X_coor_0,sum_delta_X_coor_1,sum_delta_X_coor_2,sum_delta_X_coor_3,max_bond_order_coor_0,max_bond_order_coor_1,max_bond_order_coor_2,max_bond_order_coor_3,min_bond_order_coor_0,min_bond_order_coor_1,min_bond_order_coor_2,min_bond_order_coor_3,sum_bond_order_coor_0,sum_bond_order_coor_1,sum_bond_order_coor_2,sum_bond_order_coor_3,kappa1,kappa2,kappa3,phi,Exp. emission energy
789.605,0,0.4,0.98,1.66,1.293166433,32.81261506,24.8028296,-5.891688312,27.99719339,10.55243587,3.730675525,294.9708504,15.04,50,0,3,0,3,3,6,2,8,3,0,4,4,0,0,0,11,0,0,0,0,0,2,0,0,0,0,0,0,0,0,0,3,0,0,0,0,0,0,0,0,0,0,0,0,0,3,0,0,0,0,6,0,4,0,0,0,0,0,0,0,0,0,0,0,0,0,0,0,0,0,0,0,0,0,0,0,0,0,0,0,0,0,0,0,0,0,0,0,0,2,0,0,0,0,0,0,0,0,0,0,0,0.0,1.4448,1.0,40.7,0.309,6,6,7,7,0.0,0.0,0.49,0.49,0.0,0.0,0.49,0.49,0.0,0.0,0.98,0.98,1.5,1.5,1.5,1.5,1.5,1.5,1.5,1.5,3,3,3,3,33.347,13.633,5.222,5.908,1.878787879
478.735,0,0.772727273,1.227272727,1.681818182,2.06519984,15.38638687,10.45824956,-1.381688312,13.0936229,3.744119837,1.158868648,136.3972957,21.66,22,0,4,0,2,2,1,2,3,4,0,6,0,0,0,0,5,0,0,0,0,0,4,0,0,0,0,0,0,0,0,0,4,0,0,0,0,0,0,0,0,0,0,0,0,0,0,4,0,0,0,1,0,4,0,0,0,0,0,0,0,1,0,0,0,0,0,0,0,0,0,0,0,0,0,0,0,0,0,0,0,0,0,0,0,0,0,0,0,0,0,0,0,0,0,0,0,0,0,0,0,0,0.25,1.4448,1.0,40.7,0.309,6,17,7,7,0.0,0.0,0.49,0.49,0.0,0.0,0.0,0.0,0.0,0.0,0.49,0.49,1.5,0.0,1.5,1.5,1.5,0.0,1.5,1.5,3,0,3,3,14.352,4.339,1.466,2.228,2.87037037
995.654,0,0.46031746,0.857142857,1.238095238,1.346405681,44.76649128,29.38406905,-5.551688312,40.23805851,12.16375264,5.139420432,365.1818257,50.68,63,0,7,0,4,4,3,4,7,7,0,14,1,0,0,0,11,0,0,0,0,0,6,0,0,0,0,0,0,0,0,0,7,0,0,0,0,0,0,0,0,0,6,0,0,0,3,0,0,0,0,3,0,10,0,0,0,0,0,0,0,6,0,0,0,0,0,0,0,0,0,0,0,0,0,0,0,0,0,0,0,0,0,0,0,0,0,0,0,0,2,0,0,0,0,0,0,0,0,0,0,0,0.306122449,1.4448,1.0,40.7,0.309,7,7,7,7,0.49,0.49,0.49,0.49,0.0,0.0,0.49,0.49,0.49,0.49,0.98,0.98,1.5,1.5,1.5,1.5,1.5,1.5,1.5,1.5,3,3,3,3,45.444,14.765,6.452,7.769,2.384615385
395.238,0,0.823529412,1.352941176,1.882352941,1.974201088,11.03516943,8.40385011,-1.411688312,8.645998117,2.536368268,0.748123059,103.1099224,21.66,17,0,4,0,3,3,0,2,2,4,0,5,0,0,0,0,5,0,0,0,0,0,2,0,0,0,0,0,0,0,0,2,4,0,0,0,0,0,0,0,0,0,0,0,0,0,0,0,0,0,0,0,0,2,0,0,0,0,0,0,0,0,0,0,0,0,0,0,0,0,0,0,0,0,0,0,0,0,0,0,0,0,0,0,0,0,0,0,0,0,0,0,0,0,0,0,0,0,0,0,0,0,0.166666667,1.3441,1.0,45.6,0.46,7,7,7,7,0.49,0.49,0.49,0.49,0.49,0.49,0.49,0.49,0.98,0.98,0.98,0.98,1.5,1.5,2.0,2.0,1.5,1.5,1.0,1.0,3,3,3,3,9.868,3.114,0.965,1.29,2.190812721
759.556,0,0.617021277,1.29787234,2.106382979,1.397020208,30.92119182,23.06855391,-5.251688312,24.91386051,7.992716663,2.588180004,273.4549619,30.37,47,0,5,0,3,3,5,4,9,5,0,6,1,0,0,0,12,0,0,0,0,0,4,0,0,0,0,0,0,0,0,0,4,0,0,0,0,0,0,0,0,0,0,0,0,0,0,3,0,0,0,5,0,8,0,0,0,0,1,0,0,0,0,0,1,0,0,0,0,0,0,0,0,0,0,0,0,0,0,0,0,2,0,0,0,0,0,0,0,0,2,0,0,0,0,0,0,0,0,0,0,0,0.073170732,1.4448,1.0,40.7,0.309,6,6,7,7,0.0,0.0,0.49,0.49,0.0,0.0,0.49,0.49,0.0,0.0,0.98,0.98,1.5,1.5,1.5,1.5,1.5,1.5,1.5,1.5,3,3,3,3,29.564,10.321,3.523,4.237,2.695652174
675.479,0,0.65,1.475,2.375,1.493407266,26.32733369,19.67470706,-4.471688312,21.36253558,6.988052313,2.215946671,234.05321,30.89,40,0,5,0,3,3,4,3,7,5,0,6,1,0,0,0,10,0,0,0,0,0,4,0,0,0,0,0,0,0,0,0,4,0,0,0,0,0,0,0,0,0,0,0,0,0,0,2,0,0,0,4,0,7,0,0,0,0,1,0,0,0,0,0,0,0,0,0,0,0,0,0,0,0,0,0,0,0,0,0,0,1,0,0,0,0,0,0,0,0,1,0,0,0,0,0,0,0,0,0,0,0,0.058823529,1.4448,1.0,40.7,0.309,6,6,7,7,0.0,0.0,0.49,0.49,0.0,0.0,0.0,0.49,0.0,0.0,0.49,0.98,1.5,1.5,1.5,1.5,1.5,1.5,1.5,1.5,3,3,3,3,25.339,9.024,3.113,3.732,2.271062271
580.361,0,0.709677419,1.258064516,1.806451613,1.756291826,21.2169677,14.99898512,-3.221688312,18.53954494,6.388238857,2.519631747,180.579129,11.8,31,0,2,0,2,2,2,2,4,2,0,6,0,0,0,0,6,0,0,0,0,0,2,0,0,0,0,0,0,0,0,0,2,0,0,0,0,0,0,0,0,0,3,0,0,0,0,0,0,0,0,2,0,4,0,0,0,0,0,0,0,3,0,0,0,0,0,0,0,0,0,0,0,0,0,0,0,0,0,0,0,0,0,0,0,0,0,0,0,0,2,0,0,0,0,0,0,0,0,0,0,0,0.04,1.4448,1.0,40.7,0.309,6,6,7,7,0.0,0.0,0.49,0.49,0.0,0.0,0.49,0.49,0.0,0.0,0.98,0.98,1.5,3.0,1.5,1.5,1.5,3.0,1.5,1.5,3,3,3,3,21.528,8.045,3.333,3.82,2.551440329
591.398,0,0.606060606,1.03030303,1.424242424,1.568323439,23.17299763,15.56044663,-2.711688312,20.86421165,6.667610593,3.069820357,200.0691805,30.26,33,0,4,0,3,3,3,0,3,4,0,5,0,0,0,0,6,0,0,0,0,0,0,0,0,0,0,0,0,0,0,2,2,0,0,0,0,0,0,0,0,0,0,0,0,0,0,0,0,0,0,3,0,5,0,0,0,0,0,0,0,0,0,0,0,0,0,0,0,0,0,0,0,0,0,0,0,0,0,0,0,2,0,0,0,0,0,0,0,0,0,0,0,0,0,0,0,0,0,0,0,0,0.285714286,1.3441,1.0,45.6,0.46,8,8,7,7,0.89,0.89,0.49,0.49,0.89,0.89,0.49,0.49,0.89,0.89,0.98,0.98,1.0,1.0,2.0,2.0,1.0,1.0,1.0,1.0,1,1,3,3,23.402,8.0,3.805,4.216,1.984
863.663,0,0.410714286,0.839285714,1.339285714,1.57089825,41.084693,25.50800695,-3.551688312,39.28210186,11.77565679,5.911866692,342.3697772,21.03,56,0,3,0,3,3,3,2,5,3,0,4,1,0,0,0,8,0,0,0,0,0,2,0,0,0,0,0,0,0,0,0,2,0,0,0,0,0,0,0,0,0,0,0,0,0,0,0,0,0,0,3,0,5,0,0,0,0,0,0,0,0,0,0,0,0,0,0,0,0,0,0,0,0,0,0,0,0,0,0,0,0,0,0,0,0,0,0,0,0,2,0,0,0,0,0,0,0,0,0,0,0,0.461538462,1.4448,1.0,40.7,0.309,6,8,7,7,0.0,0.89,0.49,0.49,0.0,0.89,0.49,0.49,0.0,0.89,0.98,0.98,1.5,1.0,1.5,1.5,1.5,1.0,1.5,1.5,3,1,3,3,42.681,13.499,7.056,8.26,2.175438596
615.424,0,0.742857143,1.6,2.514285714,1.653938735,23.21444951,17.10222741,-3.691688312,18.61291338,5.746533642,1.82670516,205.3610579,30.89,35,0,5,0,3,3,3,3,6,5,0,6,0,0,0,0,9,0,0,0,0,0,4,0,0,0,0,0,0,0,0,0,4,0,0,0,0,0,0,0,0,0,0,0,0,0,0,3,0,0,0,3,0,7,0,0,0,0,1,0,0,0,0,0,0,0,0,0,0,0,0,0,0,0,0,0,0,0,0,0,0,1,0,0,0,0,0,0,0,0,1,0,0,0,0,0,0,0,0,0,0,0,0.103448276,1.4448,1.0,40.7,0.309,6,6,7,7,0.0,0.0,0.49,0.49,0.0,0.0,0.0,0.49,0.0,0.0,0.49,0.98,1.5,1.5,1.5,1.5,1.5,1.5,1.5,1.5,3,3,3,3,21.882,7.345,2.459,3.056,2.792792793
769.571,0,0.666666667,1.354166667,2.083333333,1.263403506,31.77708116,23.70864043,-4.531688312,27.42267538,9.545445816,3.080909822,284.6722753,25.96,48,0,4,1,3,4,4,3,7,4,0,5,7,0,0,0,11,0,0,0,0,0,3,0,0,0,0,0,0,0,0,0,3,0,0,0,0,0,0,0,0,0,0,0,0,0,0,0,0,0,0,4,0,6,0,0,0,0,0,0,0,0,0,0,0,0,0,0,0,0,0,0,0,0,0,0,0,0,0,0,0,2,0,0,0,0,0,0,0,0,2,0,0,0,0,0,0,0,0,0,0,0,0.209302326,1.4448,1.0,40.7,0.309,6,8,7,7,0.0,0.89,0.49,0.49,0.0,0.89,0.49,0.49,0.0,0.89,0.98,0.98,1.5,1.0,1.5,1.5,1.5,1.0,1.5,1.5,3,1,3,3,31.52,11.75,4.068,5.453,2.40776699
462.732,0,0.857142857,1.380952381,1.904761905,2.047271909,14.18986997,10.209362,-1.501688312,12.08336443,3.821562974,1.289064148,130.5272984,11.8,21,0,2,0,2,2,1,2,3,2,0,4,0,0,0,0,5,0,0,0,0,0,2,0,0,0,0,0,0,0,0,0,2,0,0,0,0,0,0,0,0,0,0,0,0,0,0,1,0,0,0,1,0,4,0,0,0,0,0,0,0,1,0,0,0,0,0,0,0,0,0,0,0,0,0,0,0,0,0,0,0,0,0,0,0,0,0,0,0,0,2,0,0,0,0,0,0,0,0,0,0,0,0.058823529,1.4448,1.0,40.7,0.309,6,17,7,7,0.0,0.0,0.49,0.49,0.0,0.0,0.49,0.49,0.0,0.0,0.98,0.98,1.5,0.0,1.5,1.5,1.5,0.0,1.5,1.5,3,0,3,3,13.44,4.513,1.582,2.199,2.455445545
558.24,0,0.703703704,1.444444444,2.296296296,1.738728851,18.17299763,13.17568849,-1.991688312,16.00753613,5.514399905,2.012856919,169.5227167,11.8,27,0,2,0,2,2,2,2,4,2,0,5,1,0,0,0,6,0,0,0,0,0,2,0,0,0,0,0,0,0,0,0,2,0,0,0,0,0,0,0,0,0,0,0,0,0,0,0,0,0,0,2,0,5,0,0,0,0,0,0,0,2,0,0,0,0,0,0,0,0,0,0,0,0,0,0,0,0,0,0,0,0,0,0,0,0,0,0,0,0,2,0,0,0,0,0,0,0,0,0,0,0,0.0,1.4448,1.0,40.7,0.309,6,17,7,7,0.0,0.0,0.49,0.49,0.0,0.0,0.49,0.49,0.0,0.0,0.98,0.98,1.5,0.0,1.5,1.5,1.5,0.0,1.5,1.5,3,0,3,3,17.824,6.5,2.462,3.269,2.183098592
750.996,0,0.577777778,1.266666667,2.022222222,1.368332386,30.59743659,22.11350542,-3.061688312,29.34761643,11.62790629,4.387737359,276.0149611,11.8,45,0,2,1,2,3,3,2,5,2,0,4,11,0,0,0,8,0,0,0,0,0,2,0,0,0,0,0,0,0,0,0,2,0,0,0,0,0,0,0,0,0,0,0,0,0,0,0,0,0,0,3,0,8,0,0,0,0,0,0,0,1,0,0,0,0,0,0,0,0,0,0,0,0,0,0,0,0,0,0,0,0,0,0,0,0,0,0,0,0,2,0,0,0,0,0,0,0,0,0,4,0,0.317073171,1.4448,1.0,40.7,0.309,6,17,7,7,0.0,0.0,0.49,0.49,0.0,0.0,0.49,0.49,0.0,0.0,0.98,0.98,1.5,0.0,1.5,1.5,1.5,0.0,1.5,1.5,3,0,3,3,32.219,13.372,5.215,7.584,2.108843537
471.255,0,1.136363636,1.954545455,2.727272727,2.125426918,15.48276318,10.50967437,-1.871688312,13.7680605,4.560169195,1.749996135,130.1249497,26.43,22,0,3,0,2,2,1,1,2,3,0,6,0,0,0,0,4,0,0,0,0,0,1,0,0,0,0,0,1,0,0,0,1,0,0,0,0,0,0,0,0,0,0,2,0,0,0,0,0,0,0,1,0,4,0,0,0,0,0,0,0,2,0,0,0,0,0,0,1,0,0,0,0,0,0,0,0,0,0,0,0,0,0,0,0,0,0,0,0,0,1,0,0,0,0,0,0,0,0,0,0,0,0.125,1.406,1.5,36.5,0.179,6,8,7,8,0.0,0.89,0.49,0.89,0.0,0.89,0.49,0.89,0.0,0.89,0.98,0.89,1.5,1.0,1.5,2.0,1.5,1.0,1.5,2.0,3,1,3,2,15.523,5.523,2.339,2.854,2.660944206
594.853,0,0.6875,1.28125,1.96875,1.674012677,21.82769817,15.35333985,-2.541688312,18.97535937,6.069202753,2.298009009,194.9854538,11.8,32,0,2,0,2,2,3,2,5,2,0,4,0,0,0,0,7,0,0,0,0,0,2,0,0,0,0,0,0,0,0,0,2,0,0,0,0,0,0,0,0,0,0,0,0,0,0,0,0,0,0,3,0,7,0,0,0,0,0,0,0,1,0,0,0,0,0,0,0,0,0,0,0,0,0,0,0,0,0,0,0,0,0,0,0,0,0,0,0,0,2,0,0,0,0,0,0,0,0,0,0,0,0.142857143,1.4448,1.0,40.7,0.309,6,17,7,7,0.0,0.0,0.49,0.49,0.0,0.0,0.49,0.49,0.0,0.0,0.98,0.98,1.5,0.0,1.5,1.5,1.5,0.0,1.5,1.5,3,0,3,3,21.296,7.258,2.954,3.599,2.361904762
687.486,0,0.512195122,0.87804878,1.195121951,1.670302897,29.9134846,18.80446357,-2.711688312,28.40994291,8.662657219,4.43795057,250.9887175,30.26,41,0,4,0,3,3,3,0,3,4,0,5,0,0,0,0,6,0,0,0,0,0,0,0,0,0,0,0,0,0,0,2,2,0,0,0,0,0,0,0,0,0,0,0,0,0,0,0,0,0,0,3,0,5,0,0,0,0,0,0,0,0,0,0,0,0,0,0,0,0,0,0,0,0,0,0,0,0,0,0,0,2,0,0,0,0,0,0,0,0,0,0,0,0,0,0,0,0,0,0,0,0,0.444444444,1.4448,1.0,40.7,0.309,8,8,7,7,0.89,0.89,0.49,0.49,0.89,0.89,0.49,0.49,0.89,0.89,0.98,0.98,1.0,1.0,2.0,2.0,1.0,1.0,1.0,1.0,1,1,3,3,31.002,10.0,5.239,6.003,1.928460342
671.487,0,0.575,1.15,1.85,1.482848651,27.60371905,19.07048333,-3.551688312,24.26178317,7.797723024,3.102911275,240.5307034,21.03,40,0,3,0,3,3,3,2,5,3,0,4,1,0,0,0,8,0,0,0,0,0,2,0,0,0,0,0,0,0,0,0,2,0,0,0,0,0,0,0,0,0,0,0,0,0,0,0,0,0,0,3,0,5,0,0,0,0,0,0,0,0,0,0,0,0,0,0,0,0,0,0,0,0,0,0,0,0,0,0,0,1,0,0,0,0,0,0,0,0,2,0,0,0,0,0,0,0,0,0,0,0,0.222222222,1.4448,1.0,40.7,0.309,6,8,7,7,0.0,0.89,0.49,0.49,0.0,0.89,0.49,0.49,0.0,0.89,0.98,0.98,1.5,1.0,1.5,1.5,1.5,1.0,1.5,1.5,3,1,3,3,27.542,9.498,4.04,4.73,2.465208748
478.731,0,0.909090909,1.454545455,1.954545455,2.010632514,14.89697675,10.7473668,-1.701688312,12.80402025,4.184018274,1.324400445,135.6408437,21.03,22,0,3,0,2,2,1,2,3,3,0,5,1,0,0,0,5,0,0,0,0,0,2,0,0,0,0,0,0,0,0,0,2,0,0,0,0,0,0,0,0,0,0,0,0,0,0,0,0,0,0,1,0,4,0,0,0,0,1,0,0,1,0,0,0,0,0,0,0,0,0,0,1,0,0,0,0,0,0,0,0,0,0,0,0,0,0,0,0,0,2,0,0,0,0,0,0,0,0,0,0,0,0.058823529,1.4448,1.0,40.7,0.309,6,17,7,7,0.0,0.0,0.49,0.49,0.0,0.0,0.49,0.49,0.0,0.0,0.98,0.98,1.5,0.0,1.5,1.5,1.5,0.0,1.5,1.5,3,0,3,3,14.352,4.997,1.745,2.435,2.26691042
607.35,0,0.727272727,1.181818182,1.606060606,1.560259877,22.74191173,16.03517371,-3.771688312,19.8793684,7.116626342,2.803389267,193.1595467,82.86,33,0,8,0,3,3,3,0,3,8,0,9,2,0,0,0,6,0,0,0,0,0,0,0,0,0,0,2,2,0,0,2,2,0,0,0,0,0,0,0,0,0,0,0,0,0,0,0,0,0,0,3,0,5,0,0,0,2,2,0,0,0,0,0,0,0,0,0,0,0,0,0,2,0,0,0,0,0,0,0,0,2,0,0,0,0,0,0,0,0,0,0,0,0,0,0,0,0,0,0,0,0,0.083333333,1.4448,1.0,40.7,0.309,8,8,7,7,0.89,0.89,0.49,0.49,0.89,0.89,0.49,0.49,0.89,0.89,0.98,0.98,1.0,1.0,2.0,2.0,1.0,1.0,1.0,1.0,1,1,3,3,23.402,9.141,3.805,4.287,1.875945537
815.619,0,0.423076923,0.865384615,1.403846154,1.52059546,37.71444951,23.88599848,-3.551688312,35.47672496,10.77983196,5.229476913,316.9100087,21.03,52,0,3,0,3,3,3,2,5,3,0,4,1,0,0,0,8,0,0,0,0,0,2,0,0,0,0,0,0,0,0,0,2,0,0,0,0,0,0,0,0,0,0,0,0,0,0,0,0,0,0,3,0,5,0,0,0,0,0,0,0,0,0,0,0,0,0,0,0,0,0,0,0,0,0,0,0,0,0,0,0,0,0,0,0,0,0,0,0,0,2,0,0,0,0,0,0,0,0,0,0,0,0.416666667,1.4448,1.0,40.7,0.309,6,8,7,7,0.0,0.89,0.49,0.49,0.0,0.89,0.49,0.49,0.0,0.89,0.98,0.98,1.5,1.0,1.5,1.5,1.5,1.0,1.5,1.5,3,1,3,3,38.854,12.499,6.34,7.355,2.283609576
495.31,0,0.56,1.0,1.52,1.698896956,16.43251065,12.3501032,-2.711688312,13.56457774,4.676185607,1.698387949,149.1496436,30.26,25,0,4,0,3,3,3,0,3,4,0,5,0,0,0,0,6,0,0,0,0,0,0,0,0,0,0,0,0,0,0,2,2,0,0,0,0,0,0,0,0,0,0,0,0,0,0,0,0,0,0,3,0,5,0,0,0,0,0,0,0,0,0,0,0,0,0,0,0,0,0,0,0,0,0,0,0,0,0,0,0,4,0,0,0,0,0,0,0,0,0,0,0,0,0,0,0,0,0,0,0,0,0.0,1.4448,1.0,40.7,0.309,8,8,7,7,0.89,0.89,0.49,0.49,0.89,0.89,0.49,0.49,0.89,0.89,0.98,0.98,1.0,1.0,2.0,2.0,1.0,1.0,1.0,1.0,1,1,3,3,16.0,6.0,2.304,2.537,2.006472492
699.501,0,0.523809524,1.0,1.5,1.502075569,27.48203423,20.65787031,-4.731688312,21.94088881,7.001779392,2.198009184,244.3909913,30.89,42,0,5,0,3,3,4,4,8,5,0,6,0,0,0,0,11,0,0,0,0,0,4,0,0,0,0,0,0,0,0,0,4,0,0,0,0,0,0,0,0,0,0,0,0,0,0,2,0,0,0,4,0,10,0,0,0,0,1,0,0,0,0,0,0,0,0,0,0,0,0,0,0,0,0,0,0,0,0,0,0,2,0,0,0,0,0,0,0,0,2,0,0,0,0,0,0,0,0,0,0,0,0.055555556,1.406,1.5,36.5,0.179,6,6,7,7,0.0,0.0,0.49,0.49,0.0,0.0,0.49,0.49,0.0,0.0,0.98,0.98,1.5,1.5,1.5,1.5,1.5,1.5,1.5,1.5,3,3,3,3,26.11,9.08,3.095,3.658,2.594142259
581.387,0,0.75,1.65625,2.65625,1.656948491,20.60371905,15.88701336,-3.761688312,15.95376483,5.000409148,1.453304271,185.4543331,43.78,32,0,6,0,3,3,3,3,6,6,0,7,0,0,0,0,9,0,0,0,0,0,5,0,0,0,0,0,0,0,0,0,5,0,0,0,0,0,0,0,0,0,0,0,0,0,0,0,0,0,0,3,0,7,0,0,0,0,1,0,0,0,0,0,0,0,0,0,0,0,0,0,0,0,0,0,0,0,0,0,0,1,0,0,0,0,0,0,0,0,1,0,0,0,0,0,0,0,0,0,0,0,0.0,1.406,1.5,36.5,0.179,6,6,7,7,0.0,0.0,0.49,0.49,0.0,0.0,0.0,0.49,0.0,0.0,0.49,0.98,1.5,1.5,1.5,1.5,1.5,1.5,1.5,1.5,3,3,3,3,19.22,6.604,2.118,2.493,2.672413793
861.537,0,0.519230769,0.923076923,1.288461538,1.439439959,36.70601334,24.29573409,-4.571688312,32.10771023,9.313602359,3.618099791,298.9051294,47.44,52,0,6,1,3,4,2,4,6,6,0,13,0,0,0,0,10,0,0,0,0,0,6,0,0,0,0,0,0,0,0,0,6,0,0,0,0,0,0,0,0,0,6,0,0,0,0,0,0,0,0,2,0,11,0,0,0,0,0,0,0,6,0,0,0,0,0,0,0,0,0,0,0,0,0,0,0,0,0,0,0,0,0,0,0,0,0,0,0,0,2,0,0,0,0,0,0,0,0,0,0,0,0.282051282,1.4448,1.0,40.7,0.309,7,7,7,7,0.49,0.49,0.49,0.49,0.0,0.0,0.49,0.49,0.49,0.49,0.98,0.98,1.5,1.5,1.5,1.5,1.5,1.5,1.5,1.5,3,3,3,3,36.348,11.347,4.668,5.751,2.689804772
631.328,0,0.787878788,1.454545455,2.212121212,1.802142566,23.22540387,15.62779364,-2.841688312,20.74319975,6.388285526,2.375059283,186.4921605,33.92,33,0,4,0,2,2,2,2,4,4,0,11,0,0,0,0,6,0,0,0,0,0,3,0,0,0,0,0,0,0,0,0,3,0,0,0,0,0,0,0,0,0,6,0,0,0,0,0,0,0,0,2,0,7,0,0,0,0,0,0,0,6,0,0,0,0,0,0,0,0,0,0,0,0,0,0,0,0,0,0,0,1,0,0,0,0,0,0,0,0,1,0,0,0,0,0,0,0,0,0,0,0,0.136363636,1.4448,1.0,40.7,0.309,8,6,7,7,0.89,0.0,0.49,0.49,0.89,0.0,0.49,0.49,0.89,0.0,0.98,0.98,1.0,1.5,1.5,1.5,1.0,1.5,1.5,1.5,1,3,3,3,23.402,7.748,2.999,4.015,2.084033613
687.49,0,0.682926829,1.512195122,2.390243902,1.410537238,27.19757718,20.06855391,-4.471688312,22.24414148,7.232375934,2.417688446,240.4181521,30.89,41,0,5,0,3,3,4,3,7,5,0,6,1,0,0,0,10,0,0,0,0,0,4,0,0,0,0,0,0,0,0,0,4,0,0,0,0,0,0,0,0,0,0,0,0,0,0,3,0,0,0,4,0,7,0,0,0,0,1,0,0,0,0,0,0,0,0,0,0,0,0,0,0,0,0,0,0,0,0,0,0,0,0,0,0,0,0,0,0,0,1,0,0,0,0,0,0,0,0,0,0,0,0.085714286,1.4448,1.0,40.7,0.309,6,6,7,7,0.0,0.0,0.49,0.49,0.0,0.0,0.0,0.49,0.0,0.0,0.49,0.98,1.5,1.5,1.5,1.5,1.5,1.5,1.5,1.5,3,3,3,3,26.24,9.273,3.265,3.924,2.755555556
735.924,0,0.619047619,1.214285714,1.833333333,1.576982307,29.98239871,19.56368328,-3.011688312,27.79937448,8.768583019,4.032994268,251.6822003,11.8,42,0,2,0,2,2,3,2,5,2,0,7,1,0,0,0,7,0,0,0,0,0,2,0,0,0,0,0,0,0,0,0,2,0,0,0,0,0,0,0,0,0,3,0,0,0,0,0,0,0,0,3,0,6,0,0,0,0,0,0,0,4,0,0,0,0,0,0,0,0,0,0,0,0,0,0,0,0,0,0,0,0,0,0,0,0,0,0,0,0,2,0,0,0,0,0,0,0,0,0,0,0,0.257142857,1.4448,1.0,40.7,0.309,6,17,7,7,0.0,0.0,0.49,0.49,0.0,0.0,0.49,0.49,0.0,0.0,0.98,0.98,1.5,0.0,1.5,1.5,1.5,0.0,1.5,1.5,3,0,3,3,30.643,10.25,4.974,5.804,2.322097378
506.741,0,1.0,1.541666667,2.041666667,1.962318505,16.47432702,11.6580504,-2.031688312,14.32307212,4.746824338,1.555198172,146.1673079,38.1,24,0,4,0,2,2,1,2,3,4,0,6,1,0,0,0,5,0,0,0,0,0,2,0,0,0,0,1,1,0,0,0,2,0,0,0,0,0,0,0,0,0,0,0,0,0,0,0,0,0,0,1,0,4,0,0,0,1,1,0,0,1,0,0,0,0,0,0,0,0,0,0,1,0,0,0,0,0,0,0,0,0,0,0,0,0,0,0,0,0,2,0,0,0,0,0,0,0,0,0,0,0,0.055555556,1.4448,1.0,40.7,0.309,6,17,7,7,0.0,0.0,0.49,0.49,0.0,0.0,0.49,0.49,0.0,0.0,0.98,0.98,1.5,0.0,1.5,1.5,1.5,0.0,1.5,1.5,3,0,3,3,16.194,5.75,2.074,2.833,2.577962578
503.424,0,0.652173913,1.173913043,1.695652174,1.88624599,15.01829709,11.42068686,-1.611688312,12.7677927,4.265490822,1.315612775,145.2691976,11.8,23,0,2,0,2,2,0,4,4,4,0,5,0,0,0,0,6,0,0,0,0,0,2,0,0,0,0,0,0,0,0,0,2,0,0,0,0,0,0,0,0,0,0,0,0,0,0,0,0,0,0,0,0,8,0,0,0,0,0,0,0,0,0,0,0,0,0,0,0,0,0,0,0,0,0,0,0,0,0,0,0,0,0,0,0,0,0,0,0,0,2,0,0,0,0,0,0,0,0,2,0,0,0.0,1.4072,1.0,37.4,0.207,6,6,7,7,0.0,0.0,0.49,0.49,0.0,0.0,0.49,0.49,0.0,0.0,0.98,0.98,1.5,1.5,1.5,1.5,1.5,1.5,1.5,1.5,3,3,3,3,14.199,5.011,1.607,2.368,2.130584192
521.328,0,0.814814815,1.592592593,2.481481481,1.724197206,17.7503479,13.29769696,-2.781688312,14.29765276,4.544943944,1.439416361,159.7109734,30.84,27,0,5,0,4,4,2,1,3,5,0,6,0,0,0,0,7,0,0,0,0,0,1,0,0,0,0,0,0,0,0,0,3,0,0,0,0,0,0,0,0,0,0,0,0,0,1,0,0,0,0,2,0,3,0,0,0,0,2,0,0,0,0,0,0,0,0,0,0,0,0,0,0,0,0,0,0,0,0,0,0,0,0,0,0,0,0,0,0,0,1,0,0,0,0,0,0,0,0,0,0,0,0.047619048,1.4906,2.0,37.9,0.222,6,6,6,7,0.0,0.0,0.49,0.49,0.0,0.0,0.49,0.49,0.0,0.0,0.98,0.98,1.5,1.5,1.0,1.5,1.5,1.5,1.0,1.5,3,3,2,3,16.76,5.785,1.934,2.407,2.805429864
757.56,0,0.595744681,1.255319149,2.021276596,1.376501243,32.03444047,22.55364658,-4.531688312,27.56879981,8.876567073,3.468564822,279.3131643,25.96,47,0,4,0,3,3,4,3,7,4,0,5,1,0,0,0,10,0,0,0,0,0,3,0,0,0,0,0,0,0,0,0,3,0,0,0,0,0,0,0,0,0,0,0,0,0,0,0,0,0,0,4,0,8,0,0,0,0,0,0,0,0,0,0,0,0,0,0,0,0,0,0,0,0,0,0,0,0,0,0,0,2,0,0,0,0,0,0,0,0,2,0,0,0,0,0,0,0,0,0,0,0,0.19047619,1.4448,1.0,40.7,0.309,8,6,7,7,0.89,0.0,0.49,0.49,0.89,0.0,0.49,0.49,0.89,0.0,0.98,0.98,1.0,1.5,1.5,1.5,1.0,1.5,1.5,1.5,1,3,3,3,31.713,11.005,4.479,5.207,2.242314647
830.589,0,0.632653061,1.204081633,1.836734694,1.470287909,34.78336361,23.10706459,-4.181688312,32.04795006,10.65840078,4.617781983,288.8439166,11.8,49,0,2,0,2,2,3,3,6,3,0,9,1,0,0,0,8,0,0,0,0,0,2,0,0,0,0,0,0,0,0,0,2,0,0,0,0,0,0,0,0,0,0,0,0,0,0,0,0,0,0,3,0,6,0,0,0,0,0,0,0,5,0,0,0,0,0,0,0,0,0,0,0,0,0,0,0,0,0,0,0,0,0,0,0,0,0,0,0,0,2,0,0,0,0,0,0,0,0,1,0,0,0.2,1.4448,1.0,40.7,0.309,6,6,7,7,0.0,0.0,0.49,0.49,0.0,0.0,0.49,0.49,0.0,0.0,0.98,0.98,3.0,1.5,1.5,1.5,3.0,1.5,1.5,1.5,3,3,3,3,36.0,12.804,5.742,6.971,2.098138748
523.367,0,0.714285714,1.285714286,1.892857143,1.76995423,18.7169677,13.78766026,-3.011688312,15.98940299,5.741616155,1.976531291,168.0825228,11.8,28,0,2,0,2,2,2,2,4,2,0,3,0,0,0,0,6,0,0,0,0,0,2,0,0,0,0,0,0,0,0,0,2,0,0,0,0,0,0,0,0,0,0,0,0,0,0,1,0,0,0,2,0,4,0,0,0,0,0,0,0,0,0,0,0,0,0,0,0,0,0,0,0,0,0,0,0,0,0,0,0,0,0,0,0,0,0,0,0,0,2,0,0,0,0,0,0,0,0,0,0,0,0.04,1.4448,1.0,40.7,0.309,6,6,7,7,0.0,0.0,0.49,0.49,0.0,0.0,0.49,0.49,0.0,0.0,0.98,0.98,1.5,3.0,1.5,1.5,1.5,3.0,1.5,1.5,3,3,3,3,18.744,7.301,2.778,3.279,2.431372549
769.441,0,0.545454545,0.977272727,1.409090909,1.455948549,29.96552637,21.08539066,-4.711688312,24.70084197,7.318677698,2.459765893,246.4248885,73.22,44,0,8,1,3,4,2,4,6,8,0,15,0,0,0,0,10,0,0,0,0,0,8,0,0,0,0,0,0,0,0,0,8,0,0,0,0,0,0,0,0,0,6,0,0,0,0,0,0,0,0,2,0,11,0,0,0,0,0,0,0,6,0,0,0,0,0,0,0,0,0,0,0,0,0,0,0,0,0,0,0,0,0,0,0,0,0,0,0,0,2,0,0,0,0,0,0,0,0,0,0,0,0.103448276,1.4448,1.0,40.7,0.309,7,7,7,7,0.49,0.49,0.49,0.49,0.0,0.0,0.49,0.49,0.49,0.49,0.98,0.98,1.5,1.5,1.5,1.5,1.5,1.5,1.5,1.5,3,3,3,3,28.963,9.364,3.393,4.109,2.743362832
674.964,0,0.702702703,1.324324324,2.0,1.554252539,25.90504844,17.45851157,-2.321688312,23.77019422,7.624832589,3.334283467,230.4610152,11.8,37,0,2,0,2,2,2,3,5,3,0,5,1,0,0,0,7,0,0,0,0,0,2,0,0,0,0,0,0,0,0,0,2,0,0,0,0,0,0,0,0,0,0,0,0,0,0,0,0,0,0,2,0,6,0,0,0,0,0,0,0,1,0,0,0,0,0,0,0,0,0,0,0,0,0,0,0,0,0,0,0,0,0,0,0,0,0,0,0,0,2,0,0,0,0,0,0,0,0,1,0,0,0.25,1.4448,1.0,40.7,0.309,6,17,7,7,0.0,0.0,0.49,0.49,0.0,0.0,0.49,0.49,0.0,0.0,0.98,0.98,1.5,0.0,1.5,1.5,1.5,0.0,1.5,1.5,3,0,3,3,25.934,8.748,3.923,4.899,2.108843537
783.574,0,0.551020408,0.979591837,1.408163265,0.988650248,32.49262411,23.63540792,-2.711688312,28.92754349,9.385189519,3.965593292,295.8732674,30.26,49,0,4,8,3,11,3,0,3,4,0,5,2,8,0,8,14,0,0,0,0,0,0,0,0,0,0,0,0,0,0,2,2,0,0,0,0,0,0,0,0,0,0,0,0,0,0,0,0,0,0,3,0,5,0,0,0,0,0,0,0,0,0,0,0,0,0,0,0,0,0,0,0,0,0,0,0,0,0,0,0,0,0,0,0,0,0,0,0,0,0,0,0,0,0,0,0,0,0,0,0,0,0.545454545,1.4448,1.0,40.7,0.309,8,8,7,7,0.89,0.89,0.49,0.49,0.89,0.89,0.49,0.49,0.89,0.89,0.98,0.98,1.0,1.0,2.0,2.0,1.0,1.0,1.0,1.0,1,1,3,3,31.36,10.603,4.575,5.541,1.965134707
649.323,0,0.676470588,1.117647059,1.529411765,1.397592465,23.62059139,16.06044663,-3.011688312,20.36915113,6.154553589,2.516726305,192.4861453,31.42,34,0,6,0,5,5,2,0,2,6,0,13,0,0,1,1,7,0,0,0,0,0,0,0,0,0,0,0,0,0,0,0,4,0,0,0,0,0,0,0,0,0,6,0,0,0,2,0,0,0,0,2,0,4,0,0,0,0,0,0,0,6,0,0,0,0,0,0,0,0,0,0,0,0,0,0,0,0,0,0,0,0,0,0,0,0,0,0,0,0,0,0,0,0,0,0,0,0,0,0,0,0,0.238095238,1.4305,1.0,43.2,0.386,6,6,8,8,0.49,0.49,0.89,0.89,0.49,0.49,0.89,0.89,0.98,0.98,0.89,0.89,1.0,1.0,1.0,1.0,1.0,1.0,1.0,1.0,2,2,1,1,23.141,7.528,3.305,3.687,2.857142857
687.486,0,0.585365854,1.024390244,1.43902439,1.411264881,28.05131281,19.54360988,-2.971688312,24.61074586,7.695845232,3.10168987,247.2230319,30.26,41,0,4,2,3,5,2,2,4,4,0,5,0,0,0,0,9,0,0,0,0,0,2,0,0,0,0,0,0,0,0,0,2,0,0,0,0,0,0,0,0,0,0,0,0,0,0,2,0,0,0,2,0,9,0,0,0,0,0,0,0,0,0,0,0,0,0,0,0,0,0,0,0,0,0,0,0,0,0,0,0,0,0,0,0,0,0,0,0,0,2,0,0,0,0,0,0,0,0,0,0,0,0.388888889,1.4969,1.0,33.9,0.099,8,8,7,7,0.89,0.89,0.49,0.49,0.89,0.89,0.49,0.49,0.89,0.89,0.98,0.98,1.0,1.0,1.5,1.5,1.0,1.0,1.5,1.5,1,1,3,3,27.322,9.048,3.757,4.62,2.032786885
761.552,0,0.553191489,1.212765957,1.957446809,1.318667289,30.75805511,23.15787031,-5.451688312,24.73895775,8.088502098,2.623501368,272.835671,35.82,47,0,6,0,3,3,5,4,9,6,0,7,1,0,0,0,12,0,0,0,0,0,5,0,0,0,0,0,0,0,0,0,5,0,0,0,0,0,0,0,0,0,0,0,0,0,0,2,0,0,0,5,0,10,0,0,0,0,1,0,0,0,0,0,0,0,0,0,0,0,0,0,0,0,0,0,0,0,0,0,0,3,0,0,0,0,0,0,0,0,1,0,0,0,0,0,0,0,0,0,0,0,0.05,1.4448,1.0,40.7,0.309,6,6,7,7,0.0,0.0,0.49,0.49,0.0,0.0,0.0,0.49,0.0,0.0,0.49,0.98,1.5,1.5,1.5,1.5,1.5,1.5,1.5,1.5,3,3,3,3,29.564,10.542,3.613,4.258,2.5
564.775,0,0.785714286,1.214285714,1.607142857,1.911782699,19.95530097,13.24594326,-2.041688312,18.01657281,5.740002993,2.077835948,169.4728629,18.28,28,0,4,0,2,2,1,2,3,4,0,8,2,0,0,0,5,0,0,0,0,0,2,0,0,0,0,0,0,0,0,0,4,0,0,0,0,0,0,0,0,0,0,0,0,0,2,0,0,0,0,1,0,4,0,0,0,0,0,0,0,3,0,0,0,0,0,0,0,0,0,0,0,0,0,0,0,0,0,0,0,0,0,0,0,0,0,0,0,0,2,0,0,0,0,0,0,0,0,0,0,0,0.2,1.4448,1.0,40.7,0.309,6,17,7,7,0.0,0.0,0.49,0.49,0.0,0.0,0.49,0.49,0.0,0.0,0.98,0.98,1.5,0.0,1.5,1.5,1.5,0.0,1.5,1.5,3,0,3,3,19.934,6.75,2.641,3.693,2.737306843
445.27,0,1.047619048,1.904761905,2.714285714,2.090058164,14.6125197,10.09899076,-1.731688312,12.96778811,4.379543357,1.769727655,128.158821,26.43,21,0,3,0,2,2,1,1,2,3,0,4,0,0,0,0,4,0,0,0,0,0,1,0,0,0,0,0,1,0,0,0,1,0,0,0,0,0,0,0,0,0,0,2,0,0,0,1,0,0,0,1,0,4,0,0,0,0,0,0,0,0,0,0,0,0,0,0,1,0,0,0,0,0,0,0,0,0,0,0,0,0,0,0,0,0,0,0,0,0,1,0,0,0,0,0,0,0,0,0,0,0,0.176470588,1.406,1.5,36.5,0.179,6,8,8,7,0.0,0.89,0.89,0.49,0.0,0.89,0.89,0.49,0.0,0.89,0.89,0.98,1.5,1.0,2.0,1.5,1.5,1.0,2.0,1.5,3,1,2,3,14.583,5.274,2.222,2.705,2.556701031
649.366,0,0.628571429,1.142857143,1.628571429,1.63960899,24.58721119,16.60415684,-3.431688312,22.05892997,7.285067364,3.180415576,199.4406773,11.8,35,0,2,0,2,2,2,2,4,2,0,9,0,0,0,0,6,0,0,0,0,0,2,0,0,0,0,0,0,0,0,0,2,0,0,0,0,0,0,0,0,0,6,0,0,0,0,0,0,0,0,2,0,4,0,0,0,0,0,0,0,6,0,0,0,0,0,0,0,0,0,0,0,0,0,0,0,0,0,0,0,0,0,0,0,0,0,0,0,0,2,0,0,0,0,0,0,0,0,0,0,0,0.076923077,1.4448,1.0,40.7,0.309,6,6,7,7,0.0,0.0,0.49,0.49,0.0,0.0,0.49,0.49,0.0,0.0,0.98,0.98,1.5,3.0,1.5,1.5,1.5,3.0,1.5,1.5,3,3,3,3,25.288,9.04,4.113,4.591,2.561983471
583.379,0,0.78125,1.6875,2.6875,1.656948491,20.60371905,15.88701336,-3.761688312,15.95376483,5.000409148,1.453304271,184.8610769,51.99,32,0,6,0,3,3,3,3,6,6,0,7,0,0,0,0,9,0,0,0,0,0,4,0,0,0,0,0,0,0,0,0,4,0,0,0,0,0,0,0,0,0,0,0,0,0,0,0,0,0,0,3,0,7,0,0,0,0,1,0,0,0,0,0,0,0,0,0,0,0,0,0,0,0,0,0,0,0,0,0,0,1,0,0,0,0,0,0,0,0,1,0,0,0,0,0,0,0,0,0,0,0,0.0,1.406,1.5,36.5,0.179,6,6,7,7,0.0,0.0,0.49,0.49,0.0,0.0,0.0,0.49,0.0,0.0,0.49,0.98,1.5,1.5,1.5,1.5,1.5,1.5,1.5,1.5,3,3,3,3,19.22,6.604,2.118,2.493,2.412451362
639.446,0,0.810810811,1.621621622,2.486486486,1.542606667,24.84420602,17.90286868,-3.561688312,20.49069652,6.282236889,2.142470971,218.8396576,26.54,37,0,5,0,4,4,3,2,5,5,0,6,0,0,0,0,9,0,0,0,0,0,2,0,0,0,0,0,0,0,0,0,4,0,0,0,0,0,0,0,0,0,0,0,0,0,1,0,0,0,0,3,0,6,0,0,0,0,1,0,0,0,0,0,0,0,0,0,0,0,0,0,0,0,0,0,0,0,0,0,0,1,0,0,0,0,0,0,0,0,1,0,0,0,0,0,0,0,0,0,0,0,0.161290323,1.4448,1.0,40.7,0.309,6,6,6,7,0.0,0.0,0.49,0.49,0.0,0.0,0.49,0.49,0.0,0.0,0.98,0.98,1.5,1.5,1.0,1.5,1.5,1.5,1.0,1.5,3,3,2,3,23.68,7.84,2.796,3.479,2.398452611
541.329,0,0.678571429,1.214285714,1.785714286,1.799114656,18.88010441,13.71518061,-2.911688312,16.08009173,5.552795196,1.847332855,163.8909742,21.03,28,0,3,0,2,2,2,2,4,3,0,6,2,0,0,0,6,0,0,0,0,0,2,0,0,0,0,0,0,0,0,0,2,0,0,0,0,0,0,0,0,0,0,0,0,0,0,0,0,0,0,2,0,4,0,0,0,0,0,0,0,2,0,0,0,0,0,0,0,0,0,0,0,0,0,0,0,0,0,0,0,1,0,0,0,0,0,0,0,0,2,0,0,0,0,0,0,0,0,0,0,0,0.0,1.4448,1.0,40.7,0.309,6,8,7,7,0.0,0.89,0.49,0.49,0.0,0.89,0.49,0.49,0.0,0.89,0.98,0.98,1.5,1.0,1.5,1.5,1.5,1.0,1.5,1.5,3,1,3,3,18.744,7.017,2.576,3.189,2.632696391
672.418,0,0.789473684,1.605263158,2.447368421,1.612790252,25.71444951,18.31355228,-3.901688312,21.07731085,6.381981316,2.116799076,217.8576641,30.89,38,0,5,0,3,3,3,3,6,5,0,9,0,0,0,0,9,0,0,0,0,0,4,0,0,0,0,0,0,0,0,0,4,0,0,0,0,0,0,0,0,0,3,0,0,0,0,2,0,0,0,3,0,7,0,0,0,0,1,0,0,3,0,0,0,0,0,0,0,0,0,0,0,0,0,0,0,0,0,0,0,1,0,0,0,0,0,0,0,0,1,0,0,0,0,0,0,0,0,0,0,0,0.103448276,1.4448,1.0,40.7,0.309,6,6,7,7,0.0,0.0,0.49,0.49,0.0,0.0,0.0,0.49,0.0,0.0,0.49,0.98,1.5,1.5,1.5,1.5,1.5,1.5,1.5,1.5,3,3,3,3,24.585,8.088,2.903,3.54,2.183098592
822.544,0,0.56,1.1,1.74,1.488175242,35.49047039,23.60706459,-4.661688312,32.53750362,10.91725726,4.643919524,291.2035533,11.8,50,0,2,0,2,2,4,2,6,2,0,8,1,0,0,0,8,0,0,0,0,0,2,0,0,0,0,0,0,0,0,0,2,0,0,0,0,0,0,0,0,0,0,0,0,0,0,0,0,0,0,4,0,6,0,0,0,0,0,0,0,5,0,0,0,0,0,0,0,0,0,0,0,0,0,0,0,0,0,0,0,0,0,0,0,0,0,0,0,0,2,0,0,0,0,0,0,0,0,0,0,0,0.19047619,1.4448,1.0,40.7,0.309,6,6,7,7,0.0,0.0,0.49,0.49,0.0,0.0,0.49,0.49,0.0,0.0,0.98,0.98,3.0,1.5,1.5,1.5,3.0,1.5,1.5,1.5,3,3,3,3,36.95,13.338,6.031,7.104,2.380038388
511.313,0,0.692307692,1.192307692,1.730769231,1.501520727,16.88010441,12.8501032,-2.591688312,13.59089883,4.382622888,1.414049625,154.7630487,31.42,26,0,6,0,5,5,2,0,2,6,0,7,0,0,0,0,7,0,0,0,0,0,0,0,0,0,0,0,0,0,0,0,4,0,0,0,0,0,0,0,0,0,0,0,0,0,2,0,0,0,0,2,0,4,0,0,0,0,0,0,0,0,0,0,0,0,0,0,0,0,0,0,0,0,0,0,0,0,0,0,0,4,0,0,0,0,0,0,0,0,0,0,0,0,0,0,0,0,0,0,0,0,0.052631579,1.4084,1.0,37.69,0.21595,8,8,6,6,0.89,0.89,0.49,0.49,0.89,0.89,0.49,0.49,0.89,0.89,0.98,0.98,1.0,1.0,1.0,1.0,1.0,1.0,1.0,1.0,1,1,2,2,15.869,5.536,1.97,2.291,2.713347921
606.346,0,0.625,1.25,2.03125,1.732147569,22.19794165,15.46406817,-3.361688312,19.33312466,6.569470398,2.228653704,182.5452577,11.8,32,0,2,0,2,2,2,2,4,2,0,8,0,0,0,0,6,0,0,0,0,0,2,0,0,0,0,0,0,0,0,0,2,0,0,0,0,0,0,0,0,0,0,0,0,0,0,0,0,0,0,2,0,5,0,0,0,0,0,0,0,5,0,0,0,0,0,0,0,0,0,0,0,0,0,0,0,0,0,0,0,0,0,0,0,0,0,0,0,0,2,0,0,0,0,0,0,0,0,0,0,0,0.0,1.4448,1.0,40.7,0.309,6,6,7,7,0.0,0.0,0.49,0.49,0.0,0.0,0.49,0.49,0.0,0.0,0.98,0.98,3.0,1.5,1.5,1.5,3.0,1.5,1.5,1.5,3,3,3,3,22.463,8.294,3.084,3.969,2.214285714
666.919,0,0.605263158,1.184210526,1.868421053,1.567203281,26.61215522,17.95851157,-2.801688312,24.25338312,7.871285503,3.360745796,232.820652,11.8,38,0,2,0,2,2,3,2,5,2,0,4,1,0,0,0,7,0,0,0,0,0,2,0,0,0,0,0,0,0,0,0,2,0,0,0,0,0,0,0,0,0,0,0,0,0,0,0,0,0,0,3,0,6,0,0,0,0,0,0,0,1,0,0,0,0,0,0,0,0,0,0,0,0,0,0,0,0,0,0,0,0,0,0,0,0,0,0,0,0,2,0,0,0,0,0,0,0,0,0,0,0,0.235294118,1.4448,1.0,40.7,0.309,6,17,7,7,0.0,0.0,0.49,0.49,0.0,0.0,0.49,0.49,0.0,0.0,0.98,0.98,1.5,0.0,1.5,1.5,1.5,0.0,1.5,1.5,3,0,3,3,26.871,9.25,4.194,5.024,2.339622642
546.809,0,0.571428571,1.071428571,1.607142857,1.711661478,18.45745468,13.78184164,-2.541688312,15.38904705,5.082868962,1.620101951,169.5256854,11.8,28,0,2,0,2,2,3,2,5,2,0,4,0,0,0,0,7,0,0,0,0,0,2,0,0,0,0,0,0,0,0,0,2,0,0,0,0,0,0,0,0,0,0,0,0,0,0,0,0,0,0,3,0,8,0,0,0,0,0,0,0,1,0,0,0,0,0,0,0,0,0,0,0,0,0,0,0,0,0,0,0,0,0,0,0,0,0,0,0,0,2,0,0,0,0,0,0,0,0,0,0,0,0.0,1.4448,1.0,40.7,0.309,6,17,7,7,0.0,0.0,0.49,0.49,0.0,0.0,0.49,0.49,0.0,0.0,0.98,0.98,1.5,0.0,1.5,1.5,1.5,0.0,1.5,1.5,3,0,3,3,17.657,6.259,2.182,2.794,2.094594595
597.451,0,0.71875,1.625,2.625,1.656948491,20.60371905,15.88701336,-3.271688312,16.37400911,5.198735041,1.52452446,190.5190093,25.96,32,0,4,0,3,3,3,3,6,5,0,6,0,0,0,0,9,0,0,0,0,0,3,0,0,0,0,0,0,0,0,0,3,0,0,0,0,0,0,0,0,0,0,0,0,0,0,0,0,0,0,3,0,7,0,0,0,0,1,0,0,0,0,0,0,0,0,0,0,0,0,0,0,0,0,0,0,0,0,0,0,1,0,0,0,0,0,0,0,0,1,0,0,0,0,0,0,1,0,0,0,0,0.0,1.406,1.5,36.5,0.179,6,6,7,7,0.0,0.0,0.49,0.49,0.0,0.0,0.49,0.49,0.0,0.0,0.98,0.98,1.5,1.5,1.5,1.5,1.5,1.5,1.5,1.5,3,3,3,3,19.22,6.604,2.118,2.66,2.287822878
726.974,0,0.604651163,1.302325581,2.069767442,1.343993662,29.18322303,21.11350542,-2.801688312,27.7261526,10.67464817,3.948854293,263.6395314,11.8,43,0,2,1,2,3,3,2,5,2,0,4,10,0,0,0,8,0,0,0,0,0,2,0,0,0,0,0,0,0,0,0,2,0,0,0,0,0,0,0,0,0,0,0,0,0,0,0,0,0,0,3,0,9,0,0,0,0,0,0,0,1,0,0,0,0,0,0,0,0,0,0,0,0,0,0,0,0,0,0,0,0,0,0,0,0,0,0,0,0,2,0,0,0,0,0,0,0,0,0,4,0,0.333333333,1.4448,1.0,40.7,0.309,6,17,7,7,0.0,0.0,0.49,0.49,0.0,0.0,0.49,0.49,0.0,0.0,0.98,0.98,1.5,0.0,1.5,1.5,1.5,0.0,1.5,1.5,3,0,3,3,30.341,12.223,4.667,6.883,2.202486679
731.499,0,0.545454545,1.022727273,1.5,1.478474864,28.89624779,21.73387991,-5.131688312,23.33957226,7.679815297,2.390278479,254.6180817,49.35,44,0,7,0,3,3,4,4,8,7,0,8,2,0,0,0,11,0,0,0,0,0,4,0,0,0,0,0,0,0,0,0,4,0,0,0,0,0,0,0,0,0,0,0,0,0,0,0,0,0,0,4,0,10,0,0,0,0,3,0,0,0,0,0,0,0,0,0,0,0,0,0,2,0,0,0,0,0,0,0,0,2,0,0,0,0,0,0,0,0,2,0,0,0,0,0,0,0,0,0,0,0,0.055555556,1.406,1.5,36.5,0.179,6,6,7,7,0.0,0.0,0.49,0.49,0.0,0.0,0.49,0.49,0.0,0.0,0.98,0.98,1.5,1.5,1.5,1.5,1.5,1.5,1.5,1.5,3,3,3,3,27.9,10.021,3.393,4.074,2.780269058
546.809,0,0.607142857,1.25,2.035714286,1.670352812,18.45745468,13.74816814,-2.541688312,15.38904705,5.082868962,1.698680778,169.5256854,11.8,28,0,2,0,2,2,3,2,5,2,0,4,0,0,0,0,7,0,0,0,0,0,2,0,0,0,0,0,0,0,0,0,2,0,0,0,0,0,0,0,0,0,0,0,0,0,0,0,0,0,0,3,0,7,0,0,0,0,0,0,0,1,0,0,0,0,0,0,0,0,0,0,0,0,0,0,0,0,0,0,0,0,0,0,0,0,0,0,0,0,2,0,0,0,0,0,0,0,0,0,0,0,0.0,1.4448,1.0,40.7,0.309,6,17,7,7,0.0,0.0,0.49,0.49,0.0,0.0,0.49,0.49,0.0,0.0,0.98,0.98,1.5,0.0,1.5,1.5,1.5,0.0,1.5,1.5,3,0,3,3,17.657,6.259,2.285,2.794,2.344045369
533.339,0,0.75,1.5,2.357142857,1.80234829,18.62059139,13.70838056,-2.911688312,15.06225118,4.732712829,1.451712606,165.3272,35.19,28,0,5,0,3,3,2,2,4,5,0,6,0,0,0,0,7,0,0,0,0,0,3,0,0,0,0,0,0,0,0,0,3,0,0,0,0,0,0,0,0,0,0,0,0,0,0,2,0,0,0,2,0,3,0,0,0,0,2,0,0,0,0,0,0,0,0,0,0,0,0,0,0,0,0,0,0,0,0,0,0,0,0,0,0,0,0,0,0,0,1,0,0,0,0,0,0,0,0,0,0,0,0.090909091,1.4448,1.0,40.7,0.309,6,6,7,7,0.0,0.0,0.49,0.49,0.0,0.0,0.0,0.49,0.0,0.0,0.49,0.98,1.5,1.5,1.5,1.5,1.5,1.5,1.5,1.5,3,3,3,3,17.657,6.034,2.041,2.546,2.88372093
637.45,0,0.567567568,1.405405405,2.378378378,1.547187373,23.87973993,18.3701766,-4.271688312,18.92151479,6.161778213,1.923841107,215.5603106,25.96,37,0,4,0,3,3,4,3,7,4,0,5,0,0,0,0,10,0,0,0,0,0,3,0,0,0,0,0,0,0,0,0,3,0,0,0,0,0,0,0,0,0,0,0,0,0,0,0,0,0,0,4,0,9,0,0,0,0,1,0,0,0,0,0,0,0,0,0,0,0,0,0,0,0,0,0,0,0,0,0,0,1,0,0,0,0,0,0,0,0,2,0,0,0,0,0,0,0,0,0,0,0,0.0,1.406,1.5,36.5,0.179,6,6,7,7,0.0,0.0,0.49,0.49,0.0,0.0,0.49,0.49,0.0,0.0,0.98,0.98,1.5,1.5,1.5,1.5,1.5,1.5,1.5,1.5,3,3,3,3,22.662,8.053,2.663,3.151,1.962025316
559.361,0,0.733333333,1.2,1.633333333,1.727189689,20.36107836,14.54658452,-2.791688312,16.94673705,5.27139407,1.629757682,177.5003047,56.67,30,0,7,0,3,3,2,2,4,7,0,8,2,0,0,0,7,0,0,0,0,0,6,0,0,0,0,0,0,0,0,0,6,0,0,0,0,0,0,0,0,0,0,0,0,0,0,0,0,0,0,2,0,4,0,0,0,0,1,0,0,0,0,0,0,0,0,0,0,0,0,0,0,0,0,0,0,0,0,0,0,0,0,0,0,0,0,0,0,0,0,0,0,0,0,0,0,0,0,0,0,0,0.272727273,1.406,1.5,36.5,0.179,6,6,7,7,0.0,0.0,0.49,0.49,0.0,0.0,0.49,0.49,0.0,0.0,0.98,0.98,1.5,1.5,1.5,1.5,1.5,1.5,1.5,1.5,3,3,3,3,19.468,6.531,2.204,2.978,2.599580713
799.04,0,0.551020408,1.204081633,1.979591837,1.231767893,33.16635069,24.07983191,-3.581688312,31.4032622,12.32708764,4.698850824,298.6966256,11.8,49,0,2,1,2,3,4,2,6,2,0,4,11,0,0,0,9,0,0,0,0,0,2,0,0,0,0,0,0,0,0,0,2,0,0,0,0,0,0,0,0,0,0,0,0,0,0,0,0,0,0,4,0,9,0,0,0,0,0,0,0,1,0,0,0,0,0,0,0,0,0,0,0,0,0,0,0,0,0,0,0,0,0,0,0,0,0,0,0,0,2,0,0,0,0,0,0,0,0,0,4,0,0.288888889,1.4448,1.0,40.7,0.309,6,17,7,7,0.0,0.0,0.49,0.49,0.0,0.0,0.49,0.49,0.0,0.0,0.98,0.98,1.5,0.0,1.5,1.5,1.5,0.0,1.5,1.5,3,0,3,3,34.748,14.336,5.656,7.9,2.222222222
450.721,0,0.75,1.5,2.45,2.044284137,13.31962648,9.815515147,-1.501688312,11.18985685,3.57544091,1.082734002,124.1623563,11.8,20,0,2,0,2,2,1,2,3,2,0,4,0,0,0,0,5,0,0,0,0,0,2,0,0,0,0,0,0,0,0,0,2,0,0,0,0,0,0,0,0,0,0,0,0,0,0,0,0,0,0,1,0,5,0,0,0,0,0,0,0,1,0,0,0,0,0,0,0,0,0,0,0,0,0,0,0,0,0,0,0,0,0,0,0,0,0,0,0,0,2,0,0,0,0,0,0,0,0,0,0,0,0.0,1.4448,1.0,40.7,0.309,6,17,7,7,0.0,0.0,0.49,0.49,0.0,0.0,0.49,0.49,0.0,0.0,0.98,0.98,1.5,0.0,1.5,1.5,1.5,0.0,1.5,1.5,3,0,3,3,12.535,4.263,1.433,2.0,2.194690265
581.383,0,0.6875,1.59375,2.59375,1.656948491,20.60371905,15.88701336,-3.691688312,16.01369531,5.02854215,1.463364797,185.6729753,39.1,32,0,5,0,3,3,3,3,6,5,0,6,0,0,0,0,9,0,0,0,0,0,3,0,0,0,0,0,0,0,0,0,3,0,0,0,0,0,0,0,0,0,0,0,0,0,0,0,0,0,0,3,0,7,0,0,0,0,1,0,0,0,0,0,0,0,0,0,0,0,0,0,0,0,0,0,0,0,0,1,0,1,0,0,0,0,0,0,0,0,1,0,0,0,0,0,0,0,0,0,0,0,0.0,1.406,1.5,36.5,0.179,6,6,7,7,0.0,0.0,0.49,0.49,0.0,0.0,0.49,0.49,0.0,0.0,0.98,0.98,1.5,1.5,1.5,1.5,1.5,1.5,1.5,1.5,3,3,3,3,19.22,6.604,2.118,2.517,2.489959839
719.531,0,0.522727273,1.045454545,1.681818182,1.508454239,30.97396254,20.67565505,-3.551688312,27.95861881,8.790605622,3.779042085,265.9904718,21.03,44,0,3,0,3,3,3,2,5,3,0,4,1,0,0,0,8,0,0,0,0,0,2,0,0,0,0,0,0,0,0,0,2,0,0,0,0,0,0,0,0,0,0,0,0,0,0,0,0,0,0,3,0,5,0,0,0,0,0,0,0,0,0,0,0,0,0,0,0,0,0,0,0,0,0,0,0,0,0,0,0,1,0,0,0,0,0,0,0,0,2,0,0,0,0,0,0,0,0,0,0,0,0.3,1.4448,1.0,40.7,0.309,6,8,7,7,0.0,0.89,0.49,0.49,0.0,0.89,0.49,0.49,0.0,0.89,0.98,0.98,1.5,1.0,1.5,1.5,1.5,1.0,1.5,1.5,3,1,3,3,31.279,10.499,4.78,5.586,2.393822394
615.42,0,0.657142857,1.228571429,1.857142857,1.673715584,24.58721119,16.61095689,-2.841688312,22.61148724,7.576645928,3.332537104,212.1937398,27.01,35,0,4,0,3,3,3,0,3,4,0,5,1,0,0,0,6,0,0,0,0,0,0,0,0,0,0,0,1,0,0,0,2,0,0,0,0,0,0,0,0,0,0,2,0,0,4,0,0,0,0,3,0,6,0,0,0,0,0,0,0,0,0,0,0,0,0,0,1,0,0,0,0,0,0,0,0,0,0,0,0,4,0,0,0,0,0,0,0,0,0,0,0,0,0,0,0,0,0,0,0,0,0.266666667,1.4906,2.0,37.9,0.222,6,8,6,8,0.0,0.89,0.49,0.89,0.0,0.89,0.49,0.89,0.0,0.89,0.98,0.89,1.5,1.0,1.0,2.0,1.5,1.0,1.0,2.0,3,1,2,2,25.288,9.04,4.113,4.895,2.689804772
507.715,0,0.739130435,1.217391304,1.695652174,2.096327532,15.93035694,11.06440271,-1.711688312,13.70229664,4.220789034,1.373494467,136.6589625,11.8,23,0,2,0,2,2,1,2,3,2,0,7,0,0,0,0,5,0,0,0,0,0,2,0,0,0,0,0,0,0,0,0,2,0,0,0,0,0,0,0,0,0,0,0,0,0,0,0,0,0,0,1,0,4,0,0,0,0,0,0,0,4,0,0,0,0,0,0,0,0,0,0,0,0,0,0,0,0,0,0,0,0,0,0,0,0,0,0,0,0,2,0,0,0,0,0,0,0,0,0,0,0,0.0,1.4448,1.0,40.7,0.309,6,17,7,7,0.0,0.0,0.49,0.49,0.0,0.0,0.49,0.49,0.0,0.0,0.98,0.98,1.5,0.0,1.5,1.5,1.5,0.0,1.5,1.5,3,0,3,3,15.27,5.011,1.698,2.515,2.398452611
583.422,0,0.575757576,1.272727273,2.121212121,1.599352496,21.82985188,16.3601399,-3.791688312,18.74866035,7.106381508,2.607095284,196.7746749,11.8,33,0,2,0,2,2,3,2,5,2,0,3,1,0,0,0,7,0,0,0,0,0,2,0,0,0,0,0,0,0,0,0,2,0,0,0,0,0,0,0,0,0,0,0,0,0,0,0,0,0,0,3,0,5,0,0,0,0,0,0,0,0,0,0,0,0,0,0,0,0,0,0,0,0,0,0,0,0,0,0,0,0,0,0,0,0,0,0,0,0,2,0,0,0,0,0,0,0,0,0,0,0,0.0,1.4448,1.0,40.7,0.309,6,6,7,7,0.0,0.0,0.49,0.49,0.0,0.0,0.49,0.49,0.0,0.0,0.98,0.98,3.0,1.5,1.5,1.5,3.0,1.5,1.5,1.5,3,3,3,3,22.217,9.141,3.556,4.037,2.077051926
511.356,0,0.592592593,1.185185185,1.814814815,1.758717086,17.84672421,13.39381341,-3.011688312,15.08578772,5.491505909,1.900883282,161.7175806,11.8,27,0,2,0,2,2,2,2,4,2,0,3,0,0,0,0,6,0,0,0,0,0,2,0,0,0,0,0,0,0,0,0,2,0,0,0,0,0,0,0,0,0,0,0,0,0,0,0,0,0,0,2,0,4,0,0,0,0,0,0,0,0,0,0,0,0,0,0,0,0,0,0,0,0,0,0,0,0,0,0,0,0,0,0,0,0,0,0,0,0,2,0,0,0,0,0,0,0,0,0,0,0,0.0,1.4448,1.0,40.7,0.309,6,6,7,7,0.0,0.0,0.49,0.49,0.0,0.0,0.49,0.49,0.0,0.0,0.98,0.98,1.5,3.0,1.5,1.5,1.5,3.0,1.5,1.5,3,3,3,3,17.824,7.053,2.593,3.069,2.5
666.919,0,0.657894737,1.263157895,1.973684211,1.593450688,26.61215522,17.97534832,-2.801688312,24.25338312,7.871285503,3.295298462,232.820652,11.8,38,0,2,0,2,2,3,2,5,2,0,4,1,0,0,0,7,0,0,0,0,0,2,0,0,0,0,0,0,0,0,0,2,0,0,0,0,0,0,0,0,0,0,0,0,0,0,0,0,0,0,3,0,7,0,0,0,0,0,0,0,1,0,0,0,0,0,0,0,0,0,0,0,0,0,0,0,0,0,0,0,0,0,0,0,0,0,0,0,0,2,0,0,0,0,0,0,0,0,0,0,0,0.235294118,1.4448,1.0,40.7,0.309,6,17,7,7,0.0,0.0,0.49,0.49,0.0,0.0,0.49,0.49,0.0,0.0,0.98,0.98,1.5,0.0,1.5,1.5,1.5,0.0,1.5,1.5,3,0,3,3,26.871,9.25,4.114,5.024,1.996779388
637.417,0,0.583333333,1.083333333,1.638888889,1.613655805,24.01793261,17.68150711,-3.951688312,20.26173413,7.052307128,2.387701904,209.2543033,21.03,36,0,3,0,2,2,4,2,6,3,0,6,2,0,0,0,8,0,0,0,0,0,2,0,0,0,0,0,0,0,0,0,2,0,0,0,0,0,0,0,0,0,0,0,0,0,0,0,0,0,0,4,0,8,0,0,0,0,0,0,0,2,0,0,0,0,0,0,0,0,0,0,0,0,0,0,0,0,0,0,0,1,0,0,0,0,0,0,0,0,2,0,0,0,0,0,0,0,0,0,0,0,0.0,1.4448,1.0,40.7,0.309,6,8,7,7,0.0,0.89,0.49,0.49,0.0,0.89,0.49,0.49,0.0,0.89,0.98,0.98,1.5,1.0,1.5,1.5,1.5,1.0,1.5,1.5,3,1,3,3,23.851,9.013,3.332,3.969,2.032786885
735.53,0,0.511111111,0.888888889,1.266666667,0.962749952,29.12238062,22.03023621,-2.711688312,25.38695857,8.406128778,3.332597841,270.413499,30.26,45,0,4,8,3,11,3,0,3,4,0,5,2,8,0,8,14,0,0,0,0,0,0,0,0,0,0,0,0,0,0,2,2,0,0,0,0,0,0,0,0,0,0,0,0,0,0,0,0,0,0,3,0,5,0,0,0,0,0,0,0,0,0,0,0,0,0,0,0,0,0,0,0,0,0,0,0,0,0,0,0,2,0,0,0,0,0,0,0,0,0,0,0,0,0,0,0,0,0,0,0,0,0.5,1.4448,1.0,40.7,0.309,8,8,7,7,0.89,0.89,0.49,0.49,0.89,0.89,0.49,0.49,0.89,0.89,0.98,0.98,1.0,1.0,2.0,2.0,1.0,1.0,1.0,1.0,1,1,3,3,27.781,9.612,3.904,4.742,1.962025316
588.731,0,0.714285714,1.142857143,1.535714286,1.821374563,20.06011345,13.02585858,-1.921688312,18.12880395,5.360885935,2.215707197,161.885453,11.8,28,0,2,0,2,2,1,2,3,2,0,10,0,0,0,0,5,0,0,0,0,0,2,0,0,0,0,0,0,0,0,0,2,0,0,0,0,0,0,0,0,0,6,0,0,0,0,0,0,0,0,1,0,4,0,0,0,0,0,0,0,7,0,0,0,0,0,0,0,0,0,0,0,0,0,0,0,0,0,0,0,0,0,0,0,0,0,0,0,0,2,0,0,0,0,0,0,0,0,0,0,0,0.111111111,1.4448,1.0,40.7,0.309,6,17,7,7,0.0,0.0,0.49,0.49,0.0,0.0,0.49,0.49,0.0,0.0,0.98,0.98,1.5,0.0,1.5,1.5,1.5,0.0,1.5,1.5,3,0,3,3,19.934,6.259,2.778,3.471,2.393822394
653.453,0,0.684210526,1.526315789,2.473684211,1.46824294,24.58684671,18.85333985,-4.541688312,19.55376689,6.470417194,2.011284564,220.5114273,43.78,38,0,6,0,3,3,4,3,7,6,0,7,1,0,0,0,10,0,0,0,0,0,5,0,0,0,0,0,0,0,0,0,5,0,0,0,0,0,0,0,0,0,0,0,0,0,0,0,0,0,0,4,0,7,0,0,0,0,1,0,0,0,0,0,0,0,0,0,0,0,0,0,0,0,0,0,0,0,0,0,0,1,0,0,0,0,0,0,0,0,1,0,0,0,0,0,0,0,0,0,0,0,0.0,1.406,1.5,36.5,0.179,6,6,7,7,0.0,0.0,0.0,0.49,0.0,0.0,0.0,0.49,0.0,0.0,0.0,0.98,1.5,1.5,1.5,1.5,1.5,1.5,1.5,1.5,3,3,3,3,23.55,8.525,2.903,3.329,2.583333333
789.627,0,0.625,1.291666667,2.0625,1.332127398,32.74154725,23.03680983,-4.181688312,28.7968967,9.491995039,3.722100682,290.4649101,24.27,48,0,4,0,4,4,4,2,6,5,0,6,1,0,0,0,10,0,0,0,0,0,2,0,0,0,0,0,0,0,0,0,3,0,0,0,0,0,0,0,0,0,0,0,0,0,3,0,0,0,0,4,0,7,0,0,0,0,0,0,0,0,0,0,0,0,0,0,0,0,0,0,0,0,0,0,0,0,0,0,0,2,0,0,0,0,0,0,0,0,2,0,0,0,0,0,0,0,0,0,0,0,0.19047619,1.4448,1.0,40.7,0.309,8,6,7,7,0.89,0.0,0.49,0.49,0.89,0.0,0.49,0.49,0.89,0.0,0.98,0.98,1.0,1.5,1.5,1.5,1.0,1.5,1.5,1.5,1,3,3,3,32.635,11.499,4.789,5.695,2.352941176
649.465,0,0.473684211,1.131578947,1.947368421,1.55522768,24.32733369,18.88701336,-4.471688312,18.72367462,5.821305441,1.672973103,219.9351473,26.59,38,0,5,0,3,3,4,4,8,5,0,6,0,0,0,0,11,0,0,0,0,0,5,0,0,0,0,0,0,0,0,0,5,0,0,0,0,0,0,0,0,0,0,0,0,0,0,0,0,0,0,4,0,11,0,0,0,0,0,0,0,0,0,0,0,0,0,0,0,0,0,0,0,0,0,0,0,0,0,0,0,2,0,0,0,0,0,0,0,0,1,0,0,0,0,0,0,0,0,0,0,0,0.0,1.4448,1.0,40.7,0.309,6,6,7,7,0.0,0.0,0.49,0.49,0.0,0.0,0.0,0.49,0.0,0.0,0.49,0.98,1.5,1.5,1.5,1.5,1.5,1.5,1.5,1.5,3,3,3,3,22.579,7.683,2.417,2.868,2.525458248
614.391,0,0.741935484,1.419354839,2.193548387,1.717750056,21.49083487,14.96406817,-2.881688312,18.85289977,6.316323566,2.203490605,180.1856209,11.8,31,0,2,0,2,2,1,3,4,3,0,9,0,0,0,0,6,0,0,0,0,0,2,0,0,0,0,0,0,0,0,0,2,0,0,0,0,0,0,0,0,0,0,0,0,0,0,0,0,0,0,1,0,5,0,0,0,0,0,0,0,5,0,0,0,0,0,0,0,0,0,0,0,0,0,0,0,0,0,0,0,0,0,0,0,0,0,0,0,0,2,0,0,0,0,0,0,0,0,1,0,0,0.0,1.4448,1.0,40.7,0.309,6,6,7,7,0.0,0.0,0.49,0.49,0.0,0.0,0.49,0.49,0.0,0.0,0.98,0.98,3.0,1.5,1.5,1.5,3.0,1.5,1.5,1.5,3,3,3,3,21.528,7.765,2.84,3.841,2.012987013
512.739,0,0.833333333,1.291666667,1.75,2.036448559,16.80060043,11.42457605,-1.641688312,14.68039252,4.498838696,1.541153498,145.2233113,11.8,24,0,2,0,2,2,1,2,3,2,0,6,0,0,0,0,5,0,0,0,0,0,2,0,0,0,0,0,0,0,0,0,2,0,0,0,0,0,0,0,0,0,0,0,0,0,0,2,0,0,0,1,0,4,0,0,0,0,0,0,0,3,0,0,0,0,0,0,0,0,0,0,0,0,0,0,0,0,0,0,0,0,0,0,0,0,0,0,0,0,2,0,0,0,0,0,0,0,0,0,0,0,0.111111111,1.4448,1.0,40.7,0.309,6,17,7,7,0.0,0.0,0.49,0.49,0.0,0.0,0.49,0.49,0.0,0.0,0.98,0.98,1.5,0.0,1.5,1.5,1.5,0.0,1.5,1.5,3,0,3,3,16.194,5.261,1.961,2.752,2.666666667
739.565,0,0.586956522,1.195652174,1.891304348,1.469987202,32.00949644,21.93065668,-4.311688312,29.11415677,10.09266057,4.438571441,276.7408184,11.8,46,0,2,0,2,2,4,2,6,2,0,3,1,0,0,0,8,0,0,0,0,0,2,0,0,0,0,0,0,0,0,0,2,0,0,0,0,0,0,0,0,0,0,0,0,0,0,1,0,0,0,4,0,6,0,0,0,0,0,0,0,0,0,0,0,0,0,0,0,0,0,0,0,0,0,0,0,0,0,0,0,0,0,0,0,0,0,0,0,0,2,0,0,0,0,0,0,0,0,0,0,0,0.209302326,1.4448,1.0,40.7,0.309,6,6,7,7,0.0,0.0,0.49,0.49,0.0,0.0,0.49,0.49,0.0,0.0,0.98,0.98,3.0,1.5,1.5,1.5,3.0,1.5,1.5,1.5,3,3,3,3,33.161,12.347,5.781,6.388,2.164048866
573.407,0,0.46875,1.0,1.5625,1.638187022,20.86323207,15.90385011,-3.551688312,17.05676475,5.817776129,1.767255572,189.7995678,15.04,32,0,3,0,3,3,3,2,5,3,0,4,1,0,0,0,8,0,0,0,0,0,2,0,0,0,0,0,0,0,0,0,3,0,0,0,0,0,0,0,0,0,0,0,0,0,3,0,0,0,0,3,0,4,0,0,0,0,0,0,0,0,0,0,0,0,0,0,0,0,0,0,0,0,0,0,0,0,0,0,0,1,0,0,0,0,0,0,0,0,2,0,0,0,0,0,0,0,0,0,0,0,0.0,1.406,1.5,36.5,0.179,6,6,7,7,0.0,0.0,0.49,0.49,0.0,0.0,0.49,0.49,0.0,0.0,0.98,0.98,1.5,1.5,1.5,1.5,1.5,1.5,1.5,1.5,3,3,3,3,20.218,7.498,2.509,3.101,2.022838499
603.413,0,0.735294118,1.588235294,2.529411765,1.656834161,22.34420602,16.70838056,-3.691688312,17.74015146,5.506578382,1.644296506,198.9961158,30.89,34,0,5,0,3,3,3,3,6,5,0,6,0,0,0,0,9,0,0,0,0,0,4,0,0,0,0,0,0,0,0,0,4,0,0,0,0,0,0,0,0,0,0,0,0,0,0,2,0,0,0,3,0,7,0,0,0,0,1,0,0,0,0,0,0,0,0,0,0,0,0,0,0,0,0,0,0,0,0,0,0,1,0,0,0,0,0,0,0,0,1,0,0,0,0,0,0,0,0,0,0,0,0.071428571,1.4448,1.0,40.7,0.309,6,6,7,7,0.0,0.0,0.49,0.49,0.0,0.0,0.0,0.49,0.0,0.0,0.49,0.98,1.5,1.5,1.5,1.5,1.5,1.5,1.5,1.5,3,3,3,3,20.99,7.098,2.319,2.873,2.731277533
577.399,0,0.53125,1.03125,1.5625,1.646809926,21.18950549,15.72521731,-3.431688312,17.16241557,5.484126991,1.650979374,189.3046229,24.9,32,0,5,0,3,3,3,2,5,5,0,6,1,0,0,0,8,0,0,0,0,0,4,0,0,0,0,0,0,0,0,0,5,0,0,0,0,0,0,0,0,0,0,0,0,0,3,2,0,0,0,3,0,4,0,0,0,0,0,0,0,0,0,0,0,0,0,0,0,0,0,0,0,0,0,0,0,0,0,0,0,1,0,0,0,0,0,0,0,0,0,0,0,0,0,0,0,0,0,0,0,0,0.076923077,1.406,1.5,36.5,0.179,6,6,7,7,0.0,0.0,0.49,0.49,0.0,0.0,0.0,0.0,0.0,0.0,0.49,0.49,1.5,1.5,1.5,1.5,1.5,1.5,1.5,1.5,3,3,3,3,20.218,7.029,2.323,2.941,2.616033755
531.412,0,0.851851852,1.666666667,2.555555556,1.706817132,18.00986092,13.28766026,-2.531688312,15.51876618,5.486671262,1.950449076,165.722886,11.8,27,0,2,0,2,2,1,3,4,3,0,4,0,0,0,0,6,0,0,0,0,0,2,0,0,0,0,0,0,0,0,0,2,0,0,0,0,0,0,0,0,0,0,0,0,0,0,1,0,0,0,1,0,5,0,0,0,0,0,0,0,0,0,0,0,0,0,0,0,0,0,0,0,0,0,0,0,0,0,0,0,0,0,0,0,0,0,0,0,0,2,0,0,0,0,0,0,0,0,1,0,0,0.043478261,1.4448,1.0,40.7,0.309,6,6,7,7,0.0,0.0,0.49,0.49,0.0,0.0,0.49,0.49,0.0,0.0,0.98,0.98,3.0,1.5,1.5,1.5,3.0,1.5,1.5,1.5,3,3,3,3,17.824,6.768,2.526,3.154,2.012987013
606.817,0,0.71875,1.375,2.09375,1.677052752,22.03480495,15.6110701,-2.881688312,19.77741867,7.060347187,2.437440078,193.6549125,39.49,32,0,5,0,2,2,2,2,4,5,0,7,4,0,0,0,6,0,0,0,0,0,2,0,0,0,0,0,0,0,0,0,2,0,0,0,0,0,0,0,0,0,0,0,0,0,0,0,0,0,0,2,0,5,0,0,0,0,3,0,0,1,0,0,0,0,0,0,0,0,0,0,3,0,0,0,0,0,0,0,0,0,0,0,0,0,0,0,0,0,2,0,0,0,0,0,0,0,0,0,0,0,0.12,1.4448,1.0,40.7,0.309,6,17,7,7,0.0,0.0,0.49,0.49,0.0,0.0,0.49,0.49,0.0,0.0,0.98,0.98,1.5,0.0,1.5,1.5,1.5,0.0,1.5,1.5,3,0,3,3,22.463,8.587,3.222,4.363,2.190812721
608.371,0,0.818181818,1.393939394,1.909090909,1.689187285,22.79431797,15.93083678,-3.421688312,20.20407392,7.036573361,2.822106022,192.0576163,21.03,33,0,3,0,2,2,2,2,4,3,0,7,1,0,0,0,6,0,0,0,0,0,2,0,0,0,0,0,0,0,0,0,2,0,0,0,0,0,0,0,0,0,3,0,0,0,0,0,0,0,0,2,0,4,0,0,0,0,1,0,0,3,0,0,0,0,0,0,0,0,0,0,1,0,0,0,0,0,0,0,0,0,0,0,0,0,0,0,0,0,2,0,0,0,0,0,0,0,0,0,0,0,0.076923077,1.4448,1.0,40.7,0.309,6,6,7,7,0.0,0.0,0.49,0.49,0.0,0.0,0.49,0.49,0.0,0.0,0.98,0.98,1.5,3.0,1.5,1.5,1.5,3.0,1.5,1.5,3,3,3,3,23.402,8.834,3.719,4.308,2.421875
709.52,0,0.651162791,1.348837209,2.139534884,1.485427841,28.56782066,20.90286868,-4.341688312,23.15530483,7.061005637,2.320175748,252.5085734,22.24,43,0,5,0,4,4,4,3,7,5,0,6,0,0,0,0,11,0,0,0,0,0,3,0,0,0,0,0,0,0,0,0,5,0,0,0,0,0,0,0,0,0,0,0,0,0,1,0,0,0,0,4,0,10,0,0,0,0,0,0,0,0,0,0,0,0,0,0,0,0,0,0,0,0,0,0,0,0,0,0,0,2,0,0,0,0,0,0,0,0,1,0,0,0,0,0,0,0,0,0,0,0,0.135135135,1.4448,1.0,40.7,0.309,6,6,6,7,0.0,0.0,0.49,0.49,0.0,0.0,0.49,0.49,0.0,0.0,0.98,0.98,1.5,1.5,1.0,1.5,1.5,1.5,1.0,1.5,3,3,2,3,27.003,8.913,3.068,3.802,2.300556586
666.919,0,0.605263158,1.184210526,1.842105263,1.567203281,26.61215522,17.95851157,-2.801688312,24.25338312,7.871285503,3.360745796,232.820652,11.8,38,0,2,0,2,2,3,2,5,2,0,4,1,0,0,0,7,0,0,0,0,0,2,0,0,0,0,0,0,0,0,0,2,0,0,0,0,0,0,0,0,0,0,0,0,0,0,0,0,0,0,3,0,6,0,0,0,0,0,0,0,1,0,0,0,0,0,0,0,0,0,0,0,0,0,0,0,0,0,0,0,0,0,0,0,0,0,0,0,0,2,0,0,0,0,0,0,0,0,0,0,0,0.235294118,1.4448,1.0,40.7,0.309,6,17,7,7,0.0,0.0,0.49,0.49,0.0,0.0,0.49,0.49,0.0,0.0,0.98,0.98,1.5,0.0,1.5,1.5,1.5,0.0,1.5,1.5,3,0,3,3,26.871,9.25,4.194,5.024,2.210338681
522.787,0,0.653846154,1.384615385,2.269230769,1.775273967,17.30275414,12.78184164,-2.281688312,14.84287636,5.126816915,1.715473547,159.2194505,11.8,26,0,2,0,2,2,2,2,4,2,0,4,1,0,0,0,6,0,0,0,0,0,2,0,0,0,0,0,0,0,0,0,2,0,0,0,0,0,0,0,0,0,0,0,0,0,0,0,0,0,0,2,0,5,0,0,0,0,0,0,0,1,0,0,0,0,0,0,0,0,0,0,0,0,0,0,0,0,0,0,0,0,0,0,0,0,0,0,0,0,2,0,0,0,0,0,0,0,0,0,0,0,0.0,1.4448,1.0,40.7,0.309,6,17,7,7,0.0,0.0,0.49,0.49,0.0,0.0,0.49,0.49,0.0,0.0,0.98,0.98,1.5,0.0,1.5,1.5,1.5,0.0,1.5,1.5,3,0,3,3,16.909,6.25,2.294,2.927,2.19858156
606.346,0,0.6875,1.125,1.5625,1.837194701,22.15397158,15.2737647,-2.921688312,18.63089865,5.518742221,1.802455568,182.5402011,11.8,32,0,2,0,3,3,2,2,4,2,0,8,0,0,0,0,7,0,0,0,0,0,2,0,0,0,0,0,0,0,0,0,2,0,0,0,0,0,0,0,0,0,1,0,0,0,0,0,0,0,0,2,0,4,0,0,0,0,0,0,0,5,0,0,0,0,0,0,0,0,0,0,0,0,0,0,0,0,0,0,0,0,0,0,0,0,0,0,0,0,2,0,0,0,0,0,0,0,0,0,0,0,0.083333333,1.4448,1.0,40.7,0.309,6,6,7,7,0.0,0.0,0.49,0.49,0.0,0.0,0.49,0.49,0.0,0.0,0.98,0.98,1.5,1.5,1.5,1.5,1.5,1.5,1.5,1.5,3,3,3,3,21.296,6.812,2.413,3.213,2.520325203
618.875,0,0.529411765,1.147058824,1.911764706,1.545191826,22.44058234,16.71449463,-3.321688312,19.03386435,6.62947864,2.350577943,204.5827796,11.8,34,0,2,0,2,2,4,2,6,2,0,4,1,0,0,0,8,0,0,0,0,0,2,0,0,0,0,0,0,0,0,0,2,0,0,0,0,0,0,0,0,0,0,0,0,0,0,0,0,0,0,4,0,7,0,0,0,0,0,0,0,1,0,0,0,0,0,0,0,0,0,0,0,0,0,0,0,0,0,0,0,0,0,0,0,0,0,0,0,0,2,0,0,0,0,0,0,0,0,0,0,0,0.0,1.4448,1.0,40.7,0.309,6,17,7,7,0.0,0.0,0.49,0.49,0.0,0.0,0.49,0.49,0.0,0.0,0.98,0.98,1.5,0.0,1.5,1.5,1.5,0.0,1.5,1.5,3,0,3,3,22.026,8.25,3.174,3.711,2.309124767
611.432,0,0.771428571,1.542857143,2.342857143,1.523120557,23.36323207,17.25915069,-2.771688312,20.42374273,6.917087606,2.195683075,210.8327201,21.03,35,0,3,1,3,4,2,2,4,3,0,4,6,0,0,0,8,0,0,0,0,0,2,0,0,0,0,0,0,0,0,0,2,0,0,0,0,0,0,0,0,0,0,0,0,0,0,0,0,0,0,2,0,3,0,0,0,0,0,0,0,0,0,0,0,0,0,0,0,0,0,0,0,0,0,0,0,0,0,0,0,0,0,0,0,0,0,0,0,0,2,0,0,0,0,0,0,0,0,0,0,0,0.290322581,1.4448,1.0,40.7,0.309,6,8,7,7,0.0,0.89,0.49,0.49,0.0,0.89,0.49,0.49,0.0,0.89,0.98,0.98,1.5,1.0,1.5,1.5,1.5,1.0,1.5,1.5,3,1,3,3,22.937,8.248,2.727,4.036,2.556701031
759.56,0,0.659574468,1.382978723,2.191489362,1.411634737,31.13673476,22.90286868,-4.931688312,25.19406465,7.778369642,2.54084976,274.7450344,35.13,47,0,6,0,4,4,4,4,8,6,0,7,0,0,0,0,12,0,0,0,0,0,4,0,0,0,0,0,0,0,0,0,6,0,0,0,0,0,0,0,0,0,0,0,0,0,3,0,0,0,0,4,0,12,0,0,0,0,0,0,0,0,0,0,0,0,0,0,0,0,0,0,0,0,0,0,0,0,0,0,0,2,0,0,0,0,0,0,0,0,2,0,0,0,0,0,0,0,0,0,0,0,0.125,1.4448,1.0,40.7,0.309,6,6,6,7,0.0,0.0,0.49,0.49,0.0,0.0,0.49,0.49,0.0,0.0,0.98,0.98,1.5,1.5,1.0,1.5,1.5,1.5,1.0,1.5,3,3,2,3,29.564,9.9,3.393,4.169,2.366412214
704.915,0,0.675,1.275,1.925,1.593964903,28.35264219,18.76304202,-2.941688312,25.98857172,8.30325012,3.615328879,241.1517228,11.8,40,0,2,0,2,2,3,2,5,2,0,6,1,0,0,0,7,0,0,0,0,0,2,0,0,0,0,0,0,0,0,0,2,0,0,0,0,0,0,0,0,0,0,0,0,0,0,0,0,0,0,3,0,6,0,0,0,0,0,0,0,3,0,0,0,0,0,0,0,0,0,0,0,0,0,0,0,0,0,0,0,0,0,0,0,0,0,0,0,0,2,0,0,0,0,0,0,0,0,0,0,0,0.235294118,1.4448,1.0,40.7,0.309,6,17,7,7,0.0,0.0,0.49,0.49,0.0,0.0,0.49,0.49,0.0,0.0,0.98,0.98,1.5,0.0,1.5,1.5,1.5,0.0,1.5,1.5,3,0,3,3,28.752,9.75,4.497,5.395,2.348484848
469.719,0,0.857142857,1.523809524,2.285714286,2.056821437,14.18986997,10.22619875,-1.571688312,12.02054543,3.790474475,1.23624661,128.3278917,11.8,21,0,2,0,2,2,1,2,3,2,0,5,0,0,0,0,5,0,0,0,0,0,2,0,0,0,0,0,0,0,0,0,2,0,0,0,0,0,0,0,0,0,0,0,0,0,0,0,0,0,0,1,0,4,0,0,0,0,0,0,0,2,0,0,0,0,0,0,0,0,0,0,0,0,0,0,0,0,0,0,0,0,0,0,0,0,0,0,0,0,2,0,0,0,0,0,0,0,0,0,0,0,0.0,1.4448,1.0,40.7,0.309,6,17,7,7,0.0,0.0,0.49,0.49,0.0,0.0,0.49,0.49,0.0,0.0,0.98,0.98,1.5,0.0,1.5,1.5,1.5,0.0,1.5,1.5,3,0,3,3,13.44,4.513,1.534,2.17,2.577962578
607.401,0,0.588235294,1.029411765,1.5,1.300625666,22.01793261,16.78275619,-3.631688312,17.79234662,5.885748326,2.027675357,200.1263777,31.42,34,0,6,0,5,5,4,0,4,6,0,7,0,0,0,0,9,0,0,0,0,0,0,0,0,0,0,0,0,0,0,0,4,0,0,0,0,0,0,0,0,0,0,0,0,0,2,0,0,0,0,4,0,6,0,0,0,0,0,0,0,0,0,0,0,0,0,0,0,0,0,0,0,0,0,0,0,0,0,0,0,0,0,0,0,0,0,0,0,0,0,0,0,0,0,0,0,0,0,0,0,0,0.037037037,1.4305,1.0,43.2,0.386,8,8,6,6,0.89,0.89,0.49,0.49,0.89,0.89,0.49,0.49,0.89,0.89,0.98,0.98,1.0,1.0,1.0,1.0,1.0,1.0,1.0,1.0,1,1,2,2,20.99,7.528,2.825,3.08,2.335216573
723.008,0,0.658536585,1.268292683,1.975609756,1.488891098,28.47396254,19.44167482,-2.841688312,25.83602548,8.376018846,3.587063616,253.1426798,11.8,41,0,2,0,2,2,3,3,6,3,0,5,1,0,0,0,8,0,0,0,0,0,2,0,0,0,0,0,0,0,0,0,2,0,0,0,0,0,0,0,0,0,0,0,0,0,0,0,0,0,0,3,0,8,0,0,0,0,0,0,0,1,0,0,0,0,0,0,0,0,0,0,0,0,0,0,0,0,0,0,0,0,0,0,0,0,0,0,0,0,2,0,0,0,0,0,0,0,0,1,0,0,0.222222222,1.4448,1.0,40.7,0.309,17,6,7,7,0.0,0.0,0.49,0.49,0.0,0.0,0.49,0.49,0.0,0.0,0.98,0.98,0.0,1.5,1.5,1.5,0.0,1.5,1.5,1.5,0,3,3,3,28.472,9.748,4.293,5.278,1.925465839
488.717,0,0.818181818,1.318181818,1.818181818,2.076133109,15.06011345,10.63688235,-1.641688312,12.85826431,4.005594445,1.256194963,132.4934271,11.8,22,0,2,0,2,2,1,2,3,2,0,6,0,0,0,0,5,0,0,0,0,0,2,0,0,0,0,0,0,0,0,0,2,0,0,0,0,0,0,0,0,0,0,0,0,0,0,0,0,0,0,1,0,4,0,0,0,0,0,0,0,3,0,0,0,0,0,0,0,0,0,0,0,0,0,0,0,0,0,0,0,0,0,0,0,0,0,0,0,0,2,0,0,0,0,0,0,0,0,0,0,0,0.0,1.4448,1.0,40.7,0.309,6,17,7,7,0.0,0.0,0.49,0.49,0.0,0.0,0.49,0.49,0.0,0.0,0.98,0.98,1.5,0.0,1.5,1.5,1.5,0.0,1.5,1.5,3,0,3,3,14.352,4.762,1.644,2.341,2.632696391
483.299,0,0.916666667,1.583333333,2.333333333,1.816245426,16.47432702,11.61582751,-2.061688312,14.2956239,4.732564439,1.644732426,145.311935,27.01,24,0,4,0,3,3,2,0,2,4,0,5,0,0,0,0,5,0,0,0,0,0,0,0,0,0,0,0,1,0,0,0,2,0,0,0,0,0,0,0,0,0,0,2,0,0,3,0,0,0,0,2,0,6,0,0,0,0,0,0,0,0,0,0,0,0,0,0,1,0,0,0,0,0,0,0,0,0,0,0,0,3,0,0,0,0,0,0,0,0,0,0,0,0,0,0,0,0,0,0,0,0,0.157894737,1.4906,2.0,37.9,0.222,6,8,6,8,0.0,0.89,0.49,0.89,0.0,0.89,0.49,0.89,0.0,0.89,0.98,0.89,1.5,1.0,1.0,2.0,1.5,1.0,1.0,2.0,3,1,2,2,16.194,5.75,2.198,2.819,2.731277533
895.128,0,0.543859649,1.140350877,1.789473684,1.323197618,39.90683767,27.29017534,-3.581688312,38.90993161,14.3076014,6.21539647,349.6161625,11.8,57,0,2,1,2,3,4,2,6,2,0,4,11,0,0,0,9,0,0,0,0,0,2,0,0,0,0,0,0,0,0,0,2,0,0,0,0,0,0,0,0,0,0,0,0,0,0,0,0,0,0,4,0,9,0,0,0,0,0,0,0,1,0,0,0,0,0,0,0,0,0,0,0,0,0,0,0,0,0,0,0,0,0,0,0,0,0,0,0,0,2,0,0,0,0,0,0,0,0,0,4,0,0.396226415,1.4448,1.0,40.7,0.309,6,17,7,7,0.0,0.0,0.49,0.49,0.0,0.0,0.49,0.49,0.0,0.0,0.98,0.98,1.5,0.0,1.5,1.5,1.5,0.0,1.5,1.5,3,0,3,3,42.308,16.282,7.258,9.767,2.183098592
523.32,0,1.0,1.851851852,2.703703704,1.718300378,18.33613434,13.08215401,-2.521688312,15.52780166,5.047766632,1.851784995,160.4527803,40.15,27,0,5,0,3,3,2,1,3,5,0,6,0,0,0,0,6,0,0,0,0,0,0,0,0,0,0,0,1,0,0,0,2,0,0,0,0,0,0,0,0,0,0,2,0,0,1,0,0,0,0,2,0,8,0,0,0,0,0,1,0,0,0,0,0,0,0,0,1,0,0,0,0,0,0,0,0,0,0,0,0,1,0,0,0,0,0,0,0,0,0,0,0,0,0,0,0,0,0,0,0,0,0.142857143,1.4906,2.0,37.9,0.222,6,8,6,8,0.0,0.89,0.49,0.89,0.0,0.89,0.49,0.89,0.0,0.89,0.98,0.89,1.5,1.0,1.0,2.0,1.5,1.0,1.0,2.0,3,1,2,2,17.824,6.248,2.4,2.903,2.678185745
651.457,0,0.763157895,1.578947368,2.421052632,1.612790252,25.71444951,18.31355228,-3.691688312,21.26440311,6.469559518,2.152050432,224.4558842,30.89,38,0,5,0,3,3,3,3,6,5,0,6,0,0,0,0,9,0,0,0,0,0,4,0,0,0,0,0,0,0,0,0,4,0,0,0,0,0,0,0,0,0,0,0,0,0,0,2,0,0,0,3,0,7,0,0,0,0,1,0,0,0,0,0,0,0,0,0,0,0,0,0,0,0,0,0,0,0,0,0,0,1,0,0,0,0,0,0,0,0,1,0,0,0,0,0,0,0,0,0,0,0,0.1875,1.4448,1.0,40.7,0.309,6,6,7,7,0.0,0.0,0.49,0.49,0.0,0.0,0.0,0.49,0.0,0.0,0.49,0.98,1.5,1.5,1.5,1.5,1.5,1.5,1.5,1.5,3,3,3,3,24.585,8.088,2.903,3.62,2.792792793
827.63,0,0.509433962,1.037735849,1.698113208,1.290662601,36.06997438,25.5248437,-5.111688312,31.41788529,10.30402914,3.887801033,316.0040027,21.03,53,0,3,1,3,4,5,2,7,3,0,4,1,0,0,0,11,0,0,0,0,0,2,0,0,0,0,0,0,0,0,0,2,0,0,0,0,0,0,0,0,0,0,0,0,0,0,0,0,0,0,5,0,11,0,0,0,0,0,0,0,0,0,0,0,0,0,0,0,0,0,0,0,0,0,0,0,0,0,0,0,1,0,0,0,0,0,0,0,0,2,0,0,0,0,0,0,0,0,0,0,0,0.183673469,1.4448,1.0,40.7,0.309,6,8,7,7,0.0,0.89,0.49,0.49,0.0,0.89,0.49,0.49,0.0,0.89,0.98,0.98,1.5,1.0,1.5,1.5,1.5,1.0,1.5,1.5,3,1,3,3,36.108,12.749,5.015,6.108,2.398452611
450.721,0,0.7,1.25,1.8,2.044284137,13.31962648,9.815515147,-1.501688312,11.18985685,3.57544091,1.082734002,124.1623563,11.8,20,0,2,0,2,2,1,2,3,2,0,4,0,0,0,0,5,0,0,0,0,0,2,0,0,0,0,0,0,0,0,0,2,0,0,0,0,0,0,0,0,0,0,0,0,0,0,0,0,0,0,1,0,4,0,0,0,0,0,0,0,1,0,0,0,0,0,0,0,0,0,0,0,0,0,0,0,0,0,0,0,0,0,0,0,0,0,0,0,0,2,0,0,0,0,0,0,0,0,0,0,0,0.0,1.4448,1.0,40.7,0.309,6,17,7,7,0.0,0.0,0.49,0.49,0.0,0.0,0.49,0.49,0.0,0.0,0.98,0.98,1.5,0.0,1.5,1.5,1.5,0.0,1.5,1.5,3,0,3,3,12.535,4.263,1.433,2.0,2.525458248
735.53,0,0.444444444,0.844444444,1.222222222,1.70678925,33.28372809,20.40963529,-2.711688312,32.2379174,9.660890147,5.239560756,276.4484859,30.26,45,0,4,0,3,3,3,0,3,4,0,5,0,0,0,0,6,0,0,0,0,0,0,0,0,0,0,0,0,0,0,2,2,0,0,0,0,0,0,0,0,0,0,0,0,0,0,0,0,0,0,3,0,5,0,0,0,0,0,0,0,0,0,0,0,0,0,0,0,0,0,0,0,0,0,0,0,0,0,0,0,0,0,0,0,0,0,0,0,0,0,0,0,0,0,0,0,0,0,0,0,0,0.5,1.4448,1.0,40.7,0.309,8,8,7,7,0.89,0.89,0.49,0.49,0.89,0.89,0.49,0.49,0.89,0.89,0.98,0.98,1.0,1.0,2.0,2.0,1.0,1.0,1.0,1.0,1,1,3,3,34.848,11.0,6.078,6.921,1.931464174
675.479,0,0.5,1.225,2.125,1.53985777,25.74154725,19.8701766,-4.731688312,20.21070635,6.5202758,1.950425905,231.661107,30.89,40,0,5,0,3,3,4,4,8,5,0,6,0,0,0,0,11,0,0,0,0,0,4,0,0,0,0,0,0,0,0,0,4,0,0,0,0,0,0,0,0,0,0,0,0,0,0,0,0,0,0,4,0,9,0,0,0,0,1,0,0,0,0,0,0,0,0,0,0,0,0,0,0,0,0,0,0,0,0,0,0,2,0,0,0,0,0,0,0,0,2,0,0,0,0,0,0,0,0,0,0,0,0.0,1.4448,1.0,40.7,0.309,6,6,7,7,0.0,0.0,0.49,0.49,0.0,0.0,0.49,0.49,0.0,0.0,0.98,0.98,1.5,1.5,1.5,1.5,1.5,1.5,1.5,1.5,3,3,3,3,24.336,8.583,2.806,3.294,2.431372549
553.377,0,0.466666667,1.0,1.566666667,1.633648937,19.44901851,14.90385011,-3.431688312,15.41377671,4.998023276,1.463399768,176.5747387,24.9,30,0,5,0,3,3,3,2,5,5,0,6,1,0,0,0,8,0,0,0,0,0,4,0,0,0,0,0,0,0,0,0,5,0,0,0,0,0,0,0,0,0,0,0,0,0,3,0,0,0,0,3,0,4,0,0,0,0,0,0,0,0,0,0,0,0,0,0,0,0,0,0,0,0,0,0,0,0,0,0,0,1,0,0,0,0,0,0,0,0,0,0,0,0,0,0,0,0,0,0,0,0,0.0,1.406,1.5,36.5,0.179,6,6,7,7,0.0,0.0,0.49,0.49,0.0,0.0,0.0,0.0,0.0,0.0,0.49,0.49,1.5,1.5,1.5,1.5,1.5,1.5,1.5,1.5,3,3,3,3,18.43,6.531,2.117,2.568,2.561983471
813.489,0,0.5,0.9375,1.375,1.454083954,32.48203423,23.08052004,-5.151688312,26.86750649,8.277206857,2.927562238,269.3842037,30.89,48,0,5,0,3,3,4,4,8,5,0,12,0,0,0,0,11,0,0,0,0,0,4,0,0,0,0,0,0,0,0,0,4,0,0,0,0,0,0,0,0,0,6,0,0,0,0,0,0,0,0,4,0,10,0,0,0,0,1,0,0,6,0,0,0,0,0,0,0,0,0,0,0,0,0,0,0,0,0,0,0,2,0,0,0,0,0,0,0,0,2,0,0,0,0,0,0,0,0,0,0,0,0.055555556,1.406,1.5,36.5,0.179,6,6,7,7,0.0,0.0,0.49,0.49,0.0,0.0,0.49,0.49,0.0,0.0,0.98,0.98,1.5,1.5,1.5,1.5,1.5,1.5,1.5,1.5,3,3,3,3,31.52,10.57,4.015,4.633,2.101694915
546.809,0,0.571428571,1.035714286,1.535714286,1.670352812,18.45745468,13.74816814,-2.541688312,15.38904705,5.082868962,1.698680778,169.5256854,11.8,28,0,2,0,2,2,3,2,5,2,0,4,0,0,0,0,7,0,0,0,0,0,2,0,0,0,0,0,0,0,0,0,2,0,0,0,0,0,0,0,0,0,0,0,0,0,0,0,0,0,0,3,0,6,0,0,0,0,0,0,0,1,0,0,0,0,0,0,0,0,0,0,0,0,0,0,0,0,0,0,0,0,0,0,0,0,0,0,0,0,2,0,0,0,0,0,0,0,0,0,0,0,0.0,1.4448,1.0,40.7,0.309,6,17,7,7,0.0,0.0,0.49,0.49,0.0,0.0,0.49,0.49,0.0,0.0,0.98,0.98,1.5,0.0,1.5,1.5,1.5,0.0,1.5,1.5,3,0,3,3,17.657,6.259,2.285,2.794,2.222222222
454.713,0,0.85,1.35,1.85,2.050993629,13.64589989,9.636882352,-1.381688312,11.29661962,3.262507528,0.970831497,123.7305044,21.66,20,0,4,0,2,2,1,2,3,4,0,6,0,0,0,0,5,0,0,0,0,0,4,0,0,0,0,0,0,0,0,0,4,0,0,0,0,0,0,0,0,0,0,0,0,0,0,2,0,0,0,1,0,4,0,0,0,0,0,0,0,1,0,0,2,0,0,0,0,0,0,0,0,0,0,0,0,0,0,0,0,0,0,0,0,0,0,0,0,0,0,0,0,0,0,0,0,0,0,0,0,0,0.142857143,1.4448,1.0,40.7,0.309,6,17,7,7,0.0,0.0,0.49,0.49,0.0,0.0,0.49,0.49,0.0,0.0,0.98,0.98,1.5,0.0,1.5,1.5,1.5,0.0,1.5,1.5,3,0,3,3,12.535,3.848,1.264,1.843,2.638297872
618.875,0,0.647058824,1.382352941,2.235294118,1.579091492,22.70009537,16.75398675,-3.501688312,19.92161614,7.505238262,2.751447443,207.0779411,11.8,34,0,2,0,2,2,3,2,5,2,0,4,1,0,0,0,7,0,0,0,0,0,2,0,0,0,0,0,0,0,0,0,2,0,0,0,0,0,0,0,0,0,0,0,0,0,0,0,0,0,0,3,0,5,0,0,0,0,0,0,0,1,0,0,0,0,0,0,0,0,0,0,0,0,0,0,0,0,0,0,0,0,0,0,0,0,0,0,0,0,2,0,0,0,0,0,0,0,0,0,0,0,0.0,1.4448,1.0,40.7,0.309,6,6,7,7,0.0,0.0,0.49,0.49,0.0,0.0,0.49,0.49,0.0,0.0,0.98,0.98,3.0,1.5,1.5,1.5,3.0,1.5,1.5,1.5,3,3,3,3,23.141,9.387,3.75,4.397,2.056384743
573.407,0,0.4375,0.9375,1.5,1.638187022,20.86323207,15.90385011,-3.551688312,17.05676475,5.817776129,1.767255572,189.7995678,15.04,32,0,3,0,3,3,3,2,5,3,0,4,1,0,0,0,8,0,0,0,0,0,2,0,0,0,0,0,0,0,0,0,3,0,0,0,0,0,0,0,0,0,0,0,0,0,3,0,0,0,0,3,0,4,0,0,0,0,0,0,0,0,0,0,0,0,0,0,0,0,0,0,0,0,0,0,0,0,0,0,0,1,0,0,0,0,0,0,0,0,2,0,0,0,0,0,0,0,0,0,0,0,0.0,1.406,1.5,36.5,0.179,6,6,7,7,0.0,0.0,0.49,0.49,0.0,0.0,0.49,0.49,0.0,0.0,0.98,0.98,1.5,1.5,1.5,1.5,1.5,1.5,1.5,1.5,3,3,3,3,20.218,7.498,2.509,3.101,2.421875
745.553,0,0.369565217,0.891304348,1.608695652,1.439669071,29.46516189,22.8701766,-5.511688312,22.91614662,7.304553236,2.153407132,265.3300228,26.59,46,0,5,0,3,3,5,5,10,5,0,6,0,0,0,0,13,0,0,0,0,0,5,0,0,0,0,0,0,0,0,0,5,0,0,0,0,0,0,0,0,0,0,0,0,0,0,0,0,0,0,5,0,13,0,0,0,0,0,0,0,0,0,0,0,0,0,0,0,0,0,0,0,0,0,0,0,0,0,0,0,3,0,0,0,0,0,0,0,0,2,0,0,0,0,0,0,0,0,0,0,0,0.0,1.4448,1.0,40.7,0.309,6,6,7,7,0.0,0.0,0.49,0.49,0.0,0.0,0.49,0.49,0.0,0.0,0.98,0.98,1.5,1.5,1.5,1.5,1.5,1.5,1.5,1.5,3,3,3,3,27.69,9.653,3.095,3.639,2.330827068
589.406,0,0.606060606,1.424242424,2.393939394,1.651988328,21.31082583,16.38701336,-3.751688312,16.8218056,5.412732189,1.660936322,192.8786461,25.96,33,0,4,0,3,3,3,3,6,4,0,5,0,0,0,0,9,0,0,0,0,0,3,0,0,0,0,0,0,0,0,0,3,0,0,0,0,0,0,0,0,0,0,0,0,0,0,0,0,0,0,3,0,7,0,0,0,0,1,0,0,0,0,0,0,0,0,0,0,0,0,0,0,0,0,0,0,0,0,0,0,1,0,0,0,0,0,0,0,0,2,0,0,0,0,0,0,0,0,0,0,0,0.0,1.406,1.5,36.5,0.179,6,6,7,7,0.0,0.0,0.49,0.49,0.0,0.0,0.49,0.49,0.0,0.0,0.98,0.98,1.5,1.5,1.5,1.5,1.5,1.5,1.5,1.5,3,3,3,3,20.102,7.06,2.296,2.759,2.384615385
618.39,0,0.794117647,1.352941176,1.852941176,1.660410745,23.66456146,16.30351558,-3.421688312,21.13438402,7.286662684,2.89970418,199.0688469,15.04,34,0,3,0,2,2,2,2,4,3,0,7,1,0,0,0,6,0,0,0,0,0,2,0,0,0,0,0,0,0,0,0,3,0,0,0,0,0,0,0,0,0,3,0,0,0,1,0,0,0,0,2,0,4,0,0,0,0,0,0,0,3,0,0,0,0,0,0,0,0,0,0,0,0,0,0,0,0,0,0,0,0,0,0,0,0,0,0,0,0,2,0,0,0,0,0,0,0,0,0,0,0,0.111111111,1.4448,1.0,40.7,0.309,6,6,7,7,0.0,0.0,0.49,0.49,0.0,0.0,0.49,0.49,0.0,0.0,0.98,0.98,1.5,3.0,1.5,1.5,1.5,3.0,1.5,1.5,3,3,3,3,24.343,9.081,3.919,4.53,2.583333333
544.737,0,0.846153846,1.307692308,1.730769231,1.955217634,18.21481399,12.50058566,-2.041688312,16.15527003,5.240946255,1.763346085,155.4504018,30.26,26,0,4,0,2,2,1,2,3,4,0,8,2,0,0,0,5,0,0,0,0,0,2,0,0,0,0,0,0,0,0,0,2,0,0,0,0,0,0,0,0,0,0,0,0,0,0,0,0,0,0,1,0,4,0,0,0,0,2,0,0,3,0,0,0,0,0,0,0,0,0,0,2,0,0,0,0,0,0,0,0,0,0,0,0,0,0,0,0,0,2,0,0,0,0,0,0,0,0,0,0,0,0.111111111,1.4448,1.0,40.7,0.309,6,17,7,7,0.0,0.0,0.49,0.49,0.0,0.0,0.49,0.49,0.0,0.0,0.98,0.98,1.5,0.0,1.5,1.5,1.5,0.0,1.5,1.5,3,0,3,3,18.056,6.25,2.294,3.256,2.666666667
507.325,0,0.730769231,1.230769231,1.730769231,1.679415952,17.20637782,12.72521731,-2.391688312,13.7649268,4.121602499,1.195680212,155.0986713,22.19,26,0,5,0,5,5,2,0,2,5,0,6,0,0,0,0,7,0,0,0,0,0,0,0,0,0,0,0,0,0,0,0,4,0,0,0,0,0,0,0,0,0,0,0,0,0,2,0,0,0,0,2,0,4,0,0,0,0,1,0,0,0,0,0,0,0,0,0,0,0,0,0,0,0,0,0,0,0,0,0,0,0,0,0,0,0,0,0,0,0,0,0,0,0,0,0,0,0,0,0,0,0,0.1,1.4448,1.0,40.7,0.309,6,6,6,6,0.0,0.0,0.49,0.49,0.0,0.0,0.49,0.49,0.0,0.0,0.98,0.98,1.5,1.5,1.0,1.0,1.5,1.5,1.0,1.0,3,3,2,2,15.869,5.126,1.636,2.182,2.632696391
765.449,0,0.522727273,0.954545455,1.386363636,1.455948549,29.96552637,21.08539066,-4.571688312,24.82630762,7.37646239,2.483165188,247.9855925,47.44,44,0,6,1,3,4,2,4,6,6,0,13,0,0,0,0,10,0,0,0,0,0,6,0,0,0,0,0,0,0,0,0,6,0,0,0,0,0,0,0,0,0,6,0,0,0,0,0,0,0,0,2,0,11,0,0,0,0,0,0,0,6,0,0,0,0,0,0,0,0,0,0,0,0,0,0,0,0,0,0,0,0,0,0,0,0,0,0,0,0,2,0,0,0,0,0,0,0,0,0,0,0,0.096774194,1.4448,1.0,40.7,0.309,7,7,7,7,0.49,0.49,0.49,0.49,0.0,0.0,0.49,0.49,0.49,0.49,0.98,0.98,1.5,1.5,1.5,1.5,1.5,1.5,1.5,1.5,3,3,3,3,28.963,9.364,3.393,4.162,2.695652174
767.575,0,0.479166667,0.979166667,1.5625,1.501975318,34.34420602,22.28082677,-3.551688312,31.69996807,9.784743668,4.489582313,291.4502403,21.03,48,0,3,0,3,3,3,2,5,3,0,4,1,0,0,0,8,0,0,0,0,0,2,0,0,0,0,0,0,0,0,0,2,0,0,0,0,0,0,0,0,0,0,0,0,0,0,0,0,0,0,3,0,5,0,0,0,0,0,0,0,0,0,0,0,0,0,0,0,0,0,0,0,0,0,0,0,0,0,0,0,1,0,0,0,0,0,0,0,0,2,0,0,0,0,0,0,0,0,0,0,0,0.363636364,1.4448,1.0,40.7,0.309,6,8,7,7,0.0,0.89,0.49,0.49,0.0,0.89,0.49,0.49,0.0,0.89,0.98,0.98,1.5,1.0,1.5,1.5,1.5,1.0,1.5,1.5,3,1,3,3,35.052,11.499,5.549,6.462,2.375478927
779.59,0,0.408163265,1.0,1.673469388,1.28682033,32.10550828,24.3028296,-5.831688312,27.15387101,10.0882328,3.616144559,288.3584358,19.97,49,0,4,0,3,3,6,2,8,4,0,5,4,0,0,0,11,0,0,0,0,0,3,0,0,0,0,0,0,0,0,0,4,0,0,0,0,0,0,0,0,0,0,0,0,0,3,0,0,0,0,6,0,4,0,0,0,0,0,0,0,0,0,0,0,0,0,0,0,0,0,0,0,0,0,0,0,0,0,0,0,0,0,0,0,0,0,0,0,0,1,0,0,0,0,0,0,0,0,0,0,0,0.0,1.4448,1.0,40.7,0.309,6,6,7,7,0.0,0.0,0.49,0.49,0.0,0.0,0.49,0.0,0.0,0.0,0.98,0.49,1.5,1.5,1.5,1.5,1.5,1.5,1.5,1.5,3,3,3,3,32.432,13.09,4.967,5.59,2.254545455
694.929,0,0.675,1.3,1.95,1.573489762,28.18950549,18.89036322,-3.001688312,25.93243904,8.506123752,3.669417813,244.2991393,21.03,40,0,3,0,2,2,3,2,5,3,0,5,2,0,0,0,7,0,0,0,0,0,2,0,0,0,0,0,0,0,0,0,2,0,0,0,0,0,0,0,0,0,0,0,0,0,0,0,0,0,0,3,0,6,0,0,0,0,1,0,0,1,0,0,0,0,0,0,0,0,0,0,1,0,0,0,0,0,0,0,0,0,0,0,0,0,0,0,0,0,2,0,0,0,0,0,0,0,0,0,0,0,0.257142857,1.4448,1.0,40.7,0.309,6,17,7,7,0.0,0.0,0.49,0.49,0.0,0.0,0.49,0.49,0.0,0.0,0.98,0.98,1.5,0.0,1.5,1.5,1.5,0.0,1.5,1.5,3,0,3,3,28.752,10.012,4.581,5.514,2.11965812
490.742,0,0.956521739,1.47826087,1.956521739,2.010752823,15.76722023,11.1200456,-1.831688312,13.59305716,4.372312111,1.520542562,141.0537626,28.87,23,0,3,0,2,2,1,2,3,3,0,5,1,0,0,0,5,0,0,0,0,0,2,0,0,0,0,1,1,0,0,0,2,0,0,0,0,0,0,0,0,0,0,0,0,0,0,0,0,0,0,1,0,4,0,0,0,0,0,0,0,1,0,0,0,0,0,0,1,1,0,0,0,0,0,0,0,0,0,0,0,0,0,0,0,0,0,0,0,0,2,0,0,0,0,0,0,0,0,0,0,0,0.055555556,1.4448,1.0,40.7,0.309,6,17,7,7,0.0,0.0,0.49,0.49,0.0,0.0,0.49,0.49,0.0,0.0,0.98,0.98,1.5,0.0,1.5,1.5,1.5,0.0,1.5,1.5,3,0,3,3,15.27,5.247,1.903,2.584,2.556701031
549.309,0,0.75,1.25,1.75,1.477962949,18.62059139,13.6377969,-2.731688312,15.22111576,4.809416235,1.66410198,163.0941195,31.42,28,0,6,0,5,5,2,0,2,6,0,9,0,0,0,0,7,0,0,0,0,0,0,0,0,0,0,0,0,0,0,0,4,0,0,0,0,0,0,0,0,0,0,0,0,0,2,0,0,0,0,2,0,4,0,0,0,0,0,0,0,2,0,0,0,0,0,0,0,0,0,0,0,0,0,0,0,0,0,0,0,0,0,0,0,0,0,0,0,0,0,0,0,0,0,0,0,0,0,0,0,0,0.052631579,1.4072,1.0,37.4,0.207,8,8,6,6,0.89,0.89,0.49,0.49,0.89,0.89,0.49,0.49,0.89,0.89,0.98,0.98,1.0,1.0,1.0,1.0,1.0,1.0,1.0,1.0,1,1,2,2,17.657,6.034,2.285,2.614,2.799097065
531.343,0,0.857142857,1.535714286,2.285714286,1.709393412,19.04324112,13.58215401,-2.581688312,16.37976835,5.483413394,1.963694825,167.9935995,27.01,28,0,4,0,3,3,3,0,3,4,0,5,0,0,0,0,6,0,0,0,0,0,0,0,0,0,0,0,1,0,0,0,2,0,0,0,0,0,0,0,0,0,0,2,0,0,3,0,0,0,0,3,0,7,0,0,0,0,0,0,0,0,0,0,0,0,0,0,1,0,0,0,0,0,0,0,0,0,0,0,0,2,0,0,0,0,0,0,0,0,0,0,0,0,0,0,0,0,0,0,0,0,0.130434783,1.4906,2.0,37.9,0.222,6,8,6,8,0.0,0.89,0.49,0.89,0.0,0.89,0.49,0.89,0.0,0.89,0.98,0.89,1.5,1.0,1.0,2.0,1.5,1.0,1.0,2.0,3,1,2,2,18.744,6.75,2.641,3.208,2.605042017
593.398,0,0.848484848,1.757575758,2.727272727,1.651682838,21.47396254,16.28086021,-3.761688312,16.81317685,5.238881371,1.629148011,191.8192752,43.78,33,0,6,0,3,3,3,3,6,6,0,7,0,0,0,0,9,0,0,0,0,0,5,0,0,0,0,0,0,0,0,0,5,0,0,0,0,0,0,0,0,0,0,0,0,0,0,1,0,0,0,3,0,7,0,0,0,0,1,0,0,0,0,0,0,0,0,0,0,0,0,0,0,0,0,0,0,0,0,0,0,1,0,0,0,0,0,0,0,0,1,0,0,0,0,0,0,0,0,0,0,0,0.038461538,1.406,1.5,36.5,0.179,6,6,7,7,0.0,0.0,0.0,0.49,0.0,0.0,0.0,0.49,0.0,0.0,0.0,0.98,1.5,1.5,1.5,1.5,1.5,1.5,1.5,1.5,3,3,3,3,20.102,6.851,2.255,2.669,2.605042017
611.432,0,0.685714286,1.428571429,2.257142857,1.549787434,23.40720215,17.29199156,-3.991688312,20.38744013,7.769804823,2.905696113,208.2531622,21.03,35,0,3,0,2,2,3,2,5,3,0,4,2,0,0,0,7,0,0,0,0,0,2,0,0,0,0,0,0,0,0,0,2,0,0,0,0,0,0,0,0,0,0,0,0,0,0,0,0,0,0,3,0,5,0,0,0,0,1,0,0,0,0,0,0,0,0,0,0,0,0,0,1,0,0,0,0,0,0,0,0,0,0,0,0,0,0,0,0,0,2,0,0,0,0,0,0,0,0,0,0,0,0.032258065,1.4448,1.0,40.7,0.309,6,6,7,7,0.0,0.0,0.49,0.49,0.0,0.0,0.49,0.49,0.0,0.0,0.98,0.98,3.0,1.5,1.5,1.5,3.0,1.5,1.5,1.5,3,3,3,3,24.069,9.951,3.94,4.526,2.087542088
750.996,0,0.577777778,1.244444444,2.022222222,1.295662535,30.59743659,22.11350542,-3.061688312,29.34761643,11.62790629,4.387737359,276.0149611,11.8,45,0,2,1,2,3,3,2,5,2,0,4,11,0,0,0,8,0,0,0,0,0,2,0,0,0,0,0,0,0,0,0,2,0,0,0,0,0,0,0,0,0,0,0,0,0,0,0,0,0,0,3,0,8,0,0,0,0,0,0,0,1,0,0,0,0,0,0,0,0,0,0,0,0,0,0,0,0,0,0,0,0,0,0,0,0,0,0,0,0,2,0,0,0,0,0,0,0,0,0,4,0,0.317073171,1.4448,1.0,40.7,0.309,6,17,7,7,0.0,0.0,0.49,0.49,0.0,0.0,0.49,0.49,0.0,0.0,0.98,0.98,1.5,0.0,1.5,1.5,1.5,0.0,1.5,1.5,3,0,3,3,32.219,13.372,5.215,7.584,2.183098592
495.31,0,0.68,1.08,1.52,1.837622607,17.44938299,11.86095689,-1.931688312,15.33316086,4.615555587,1.759700622,152.2822021,30.26,25,0,4,0,3,3,2,0,2,4,0,5,0,0,0,0,5,0,0,0,0,0,0,0,0,0,0,0,0,0,0,2,2,0,0,0,0,0,0,0,0,0,0,0,0,0,0,0,0,0,0,2,0,2,0,0,0,0,0,0,0,0,0,0,0,0,0,0,0,0,0,0,0,0,0,0,0,0,0,0,0,2,0,0,0,0,0,0,0,0,0,0,0,0,0,0,0,0,0,0,0,0,0.3,1.5011,1.0,34.3,0.111,8,8,7,7,0.89,0.89,0.49,0.49,0.89,0.89,0.49,0.49,0.89,0.89,0.98,0.98,1.0,1.0,2.0,2.0,1.0,1.0,1.0,1.0,1,1,3,3,17.122,5.51,2.18,2.831,2.271062271
649.428,0,0.810810811,1.567567568,2.324324324,1.544485834,25.10371905,18.08051789,-2.911688312,22.10640465,7.348914792,2.37296806,219.1637909,21.03,37,0,3,1,3,4,2,2,4,3,0,6,6,0,0,0,8,0,0,0,0,0,2,0,0,0,0,0,0,0,0,0,2,0,0,0,0,0,0,0,0,0,0,0,0,0,0,0,0,0,0,2,0,3,0,0,0,0,0,0,0,2,0,0,0,0,0,0,0,0,0,0,0,0,0,0,0,0,0,0,0,0,0,0,0,0,0,0,0,0,2,0,0,0,0,0,0,0,0,0,0,0,0.290322581,1.4448,1.0,40.7,0.309,6,8,7,7,0.0,0.89,0.49,0.49,0.0,0.89,0.49,0.49,0.0,0.89,0.98,0.98,1.5,1.0,1.5,1.5,1.5,1.0,1.5,1.5,3,1,3,3,24.769,8.748,2.939,4.391,2.572614108
615.42,0,0.6,1.028571429,1.485714286,1.205293824,22.46552637,17.24908269,-2.711688312,18.54194747,5.978776276,2.12863746,208.7757402,30.26,35,0,4,4,3,7,3,0,3,4,0,5,0,2,0,2,10,0,0,0,0,0,0,0,0,0,0,0,0,0,0,2,2,0,0,0,0,0,0,0,0,0,0,0,0,0,0,0,0,0,0,3,0,15,0,0,0,0,0,0,0,0,0,0,0,0,0,0,0,0,0,0,0,0,0,0,0,0,0,0,0,2,0,0,0,0,0,0,0,0,0,0,0,0,0,0,0,0,0,0,0,0,0.333333333,1.4448,1.0,40.7,0.309,8,8,7,7,0.89,0.89,0.49,0.49,0.89,0.89,0.49,0.49,0.89,0.89,0.98,0.98,1.0,1.0,2.0,2.0,1.0,1.0,1.0,1.0,1,1,3,3,20.899,7.142,2.633,3.168,1.987179487
591.398,0,0.606060606,1.090909091,1.606060606,1.50962738,21.31082583,16.33326645,-2.971688312,17.49687063,5.740428427,1.92241367,196.303495,30.26,33,0,4,2,3,5,2,2,4,4,0,5,0,0,0,0,9,0,0,0,0,0,2,0,0,0,0,0,0,0,0,0,2,0,0,0,0,0,0,0,0,0,0,0,0,0,0,2,0,0,0,2,0,9,0,0,0,0,0,0,0,0,0,0,0,0,0,0,0,0,0,0,0,0,0,0,0,0,0,0,0,2,0,0,0,0,0,0,0,0,2,0,0,0,0,0,0,0,0,0,0,0,0.214285714,1.4969,1.0,33.9,0.099,8,8,7,7,0.89,0.89,0.49,0.49,0.89,0.89,0.49,0.49,0.89,0.89,0.98,0.98,1.0,1.0,1.5,1.5,1.0,1.0,1.5,1.5,1,1,3,3,20.102,7.06,2.469,3.043,2.091062395
584.805,0,0.666666667,1.133333333,1.633333333,1.753257934,20.19794165,14.60320885,-2.681688312,17.04527194,5.513021372,1.795501763,177.8567562,11.8,30,0,2,0,2,2,3,2,5,2,0,6,0,0,0,0,7,0,0,0,0,0,2,0,0,0,0,0,0,0,0,0,2,0,0,0,0,0,0,0,0,0,0,0,0,0,0,0,0,0,0,3,0,8,0,0,0,0,0,0,0,3,0,0,0,0,0,0,0,0,0,0,0,0,0,0,0,0,0,0,0,0,0,0,0,0,0,0,0,0,2,0,0,0,0,0,0,0,0,0,0,0,0.0,1.4448,1.0,40.7,0.309,6,17,7,7,0.0,0.0,0.49,0.49,0.0,0.0,0.49,0.49,0.0,0.0,0.98,0.98,1.5,0.0,1.5,1.5,1.5,0.0,1.5,1.5,3,0,3,3,19.468,6.759,2.396,3.132,2.087542088
630.43,0,0.833333333,1.666666667,2.472222222,1.536270735,24.23347556,17.66983429,-2.841688312,21.26316933,7.133000384,2.213171402,214.9982555,21.03,36,0,3,1,3,4,2,2,4,3,0,5,6,0,0,0,8,0,0,0,0,0,2,0,0,0,0,0,0,0,0,0,2,0,0,0,0,0,0,0,0,0,0,0,0,0,0,0,0,0,0,2,0,3,0,0,0,0,0,0,0,1,0,0,0,0,0,0,0,0,0,0,0,0,0,0,0,0,0,0,0,0,0,0,0,0,0,0,0,0,2,0,0,0,0,0,0,0,0,0,0,0,0.290322581,1.4448,1.0,40.7,0.309,6,8,7,7,0.0,0.89,0.49,0.49,0.0,0.89,0.49,0.49,0.0,0.89,0.98,0.98,1.5,1.0,1.5,1.5,1.5,1.0,1.5,1.5,3,1,3,3,23.851,8.498,2.835,4.213,2.540983607
535.335,0,0.75,1.25,1.75,1.477962949,18.62059139,13.6377969,-2.591688312,15.34483084,4.869423923,1.689544768,167.4929329,31.42,28,0,6,0,5,5,2,0,2,6,0,7,0,0,0,0,7,0,0,0,0,0,0,0,0,0,0,0,0,0,0,0,4,0,0,0,0,0,0,0,0,0,0,0,0,0,2,2,0,0,0,2,0,4,0,0,0,0,0,0,0,0,0,0,0,0,0,0,0,0,0,0,0,0,0,0,0,0,0,0,0,0,0,0,0,0,0,0,0,0,0,0,0,0,0,0,0,0,0,0,0,0,0.142857143,1.4084,1.0,37.69,0.21595,8,8,6,6,0.89,0.89,0.49,0.49,0.89,0.89,0.49,0.49,0.89,0.89,0.98,0.98,1.0,1.0,1.0,1.0,1.0,1.0,1.0,1.0,1,1,2,2,17.657,6.034,2.285,2.668,2.695652174
521.328,0,0.703703704,1.481481481,2.37037037,1.788706716,17.7503479,13.29769696,-2.911688312,14.18388093,4.489980285,1.418195123,158.9938044,35.19,27,0,5,0,3,3,2,2,4,5,0,6,0,0,0,0,7,0,0,0,0,0,3,0,0,0,0,0,0,0,0,0,3,0,0,0,0,0,0,0,0,0,0,0,0,0,0,1,0,0,0,2,0,3,0,0,0,0,2,0,0,0,0,0,1,0,0,0,0,0,0,0,0,0,0,0,0,0,0,0,0,0,0,0,0,0,0,0,0,0,1,0,0,0,0,0,0,0,0,0,0,0,0.047619048,1.4448,1.0,40.7,0.309,6,6,7,7,0.0,0.0,0.49,0.49,0.0,0.0,0.49,0.49,0.0,0.0,0.98,0.98,1.5,1.5,1.5,1.5,1.5,1.5,1.5,1.5,3,3,3,3,16.76,5.785,1.934,2.359,2.64957265
731.542,0,0.622222222,1.244444444,1.977777778,1.314263155,30.62022691,21.53680983,-3.551688312,26.64491687,8.422561848,3.30783807,270.3437516,21.03,45,0,3,2,3,5,3,2,5,3,0,4,1,1,0,1,10,0,0,0,0,0,2,0,0,0,0,0,0,0,0,0,2,0,0,0,0,0,0,0,0,0,0,0,0,0,0,0,0,0,0,3,0,11,0,0,0,0,0,0,0,0,0,0,0,0,0,0,0,0,0,0,0,0,0,0,0,0,0,0,0,1,0,0,0,0,0,0,0,0,2,0,0,0,0,0,0,0,0,0,0,0,0.317073171,1.4448,1.0,40.7,0.309,8,6,7,7,0.89,0.0,0.49,0.49,0.89,0.0,0.49,0.49,0.89,0.0,0.98,0.98,1.0,1.5,1.5,1.5,1.0,1.5,1.5,1.5,1,3,3,3,29.877,10.044,4.076,4.987,2.375478927
495.31,0,0.56,1.0,1.52,1.698896956,16.43251065,12.3501032,-2.711688312,13.56457774,4.676185607,1.698387949,149.1496436,30.26,25,0,4,0,3,3,3,0,3,4,0,5,0,0,0,0,6,0,0,0,0,0,0,0,0,0,0,0,0,0,0,2,2,0,0,0,0,0,0,0,0,0,0,0,0,0,0,0,0,0,0,3,0,5,0,0,0,0,0,0,0,0,0,0,0,0,0,0,0,0,0,0,0,0,0,0,0,0,0,0,0,4,0,0,0,0,0,0,0,0,0,0,0,0,0,0,0,0,0,0,0,0,0.0,1.5011,1.0,34.3,0.111,8,8,7,7,0.89,0.89,0.49,0.49,0.89,0.89,0.49,0.49,0.89,0.89,0.98,0.98,1.0,1.0,2.0,2.0,1.0,1.0,1.0,1.0,1,1,3,3,16.0,6.0,2.304,2.537,1.974522293
476.739,0,0.909090909,1.454545455,1.954545455,2.039672262,14.89697675,10.7473668,-2.011688312,12.52418432,4.042018542,1.267913254,134.9198781,35.59,22,0,3,0,2,2,1,2,3,3,0,5,0,0,0,0,5,0,0,0,0,0,2,0,0,0,0,0,0,0,0,0,3,0,0,0,0,0,0,0,0,0,0,0,0,0,0,0,0,0,0,1,0,4,0,0,0,0,0,0,0,1,0,0,0,0,0,0,0,0,0,0,0,0,1,0,0,0,0,0,0,0,0,0,0,0,0,0,0,0,2,0,0,0,0,0,0,0,0,0,0,0,0.0,1.4448,1.0,40.7,0.309,6,17,7,7,0.0,0.0,0.49,0.49,0.0,0.0,0.49,0.49,0.0,0.0,0.98,0.98,1.5,0.0,1.5,1.5,1.5,0.0,1.5,1.5,3,0,3,3,14.352,4.997,1.745,2.301,2.577962578
581.452,0,0.806451613,1.35483871,1.870967742,1.787705846,21.32769817,15.05771587,-2.771688312,18.95438858,6.611134654,2.385774093,190.9983871,24.16,31,0,3,0,2,2,2,2,4,4,0,5,2,0,0,0,6,0,0,0,0,0,2,0,0,0,0,0,0,1,0,0,3,0,0,0,0,0,0,0,0,0,0,0,0,0,0,3,0,0,0,2,0,4,0,0,0,0,0,0,0,0,0,0,0,0,0,1,0,0,0,0,0,0,0,0,0,0,0,0,0,0,0,0,0,0,0,0,0,0,2,0,0,0,0,0,0,0,0,0,0,0,0.115384615,1.4448,1.0,40.7,0.309,6,7,7,7,0.0,0.49,0.49,0.49,0.0,0.49,0.49,0.49,0.0,0.49,0.98,0.98,1.5,2.0,1.5,1.5,1.5,2.0,1.5,1.5,3,2,3,3,21.528,8.045,3.037,4.042,2.5
714.963,0,0.547619048,1.071428571,1.69047619,1.483561266,29.18106932,19.92483806,-3.321688312,26.31663097,8.621146478,3.677369459,255.5023165,11.8,42,0,2,0,2,2,4,2,6,2,0,4,1,0,0,0,8,0,0,0,0,0,2,0,0,0,0,0,0,0,0,0,2,0,0,0,0,0,0,0,0,0,0,0,0,0,0,0,0,0,0,4,0,7,0,0,0,0,0,0,0,1,0,0,0,0,0,0,0,0,0,0,0,0,0,0,0,0,0,0,0,0,0,0,0,0,0,0,0,0,2,0,0,0,0,0,0,0,0,0,0,0,0.210526316,1.4448,1.0,40.7,0.309,6,17,7,7,0.0,0.0,0.49,0.49,0.0,0.0,0.49,0.49,0.0,0.0,0.98,0.98,1.5,0.0,1.5,1.5,1.5,0.0,1.5,1.5,3,0,3,3,29.405,10.25,4.637,5.402,2.326454034
615.424,0,0.685714286,1.514285714,2.428571429,1.670240437,23.21444951,17.11906416,-3.691688312,18.61291338,5.746533642,1.795428766,205.3610579,30.89,35,0,5,0,3,3,3,3,6,5,0,6,0,0,0,0,9,0,0,0,0,0,4,0,0,0,0,0,0,0,0,0,4,0,0,0,0,0,0,0,0,0,0,0,0,0,0,3,0,0,0,3,0,7,0,0,0,0,1,0,0,0,0,0,0,0,0,0,0,0,0,0,0,0,0,0,0,0,0,0,0,1,0,0,0,0,0,0,0,0,1,0,0,0,0,0,0,0,0,0,0,0,0.103448276,1.4448,1.0,40.7,0.309,6,6,7,7,0.0,0.0,0.49,0.49,0.0,0.0,0.0,0.49,0.0,0.0,0.49,0.98,1.5,1.5,1.5,1.5,1.5,1.5,1.5,1.5,3,3,3,3,21.882,7.345,2.418,3.056,2.755555556
659.476,0,0.743589744,1.487179487,2.282051282,1.428299245,25.93214617,19.22547718,-3.291688312,22.51688096,7.669525502,2.506739867,233.5143846,21.03,39,0,3,1,3,4,3,2,5,3,0,4,6,0,0,0,9,0,0,0,0,0,2,0,0,0,0,0,0,0,0,0,2,0,0,0,0,0,0,0,0,0,0,0,0,0,0,0,0,0,0,3,0,4,0,0,0,0,0,0,0,0,0,0,0,0,0,0,0,0,0,0,0,0,0,0,0,0,0,0,0,0,0,0,0,0,0,0,0,0,2,0,0,0,0,0,0,0,0,0,0,0,0.257142857,1.4448,1.0,40.7,0.309,8,6,7,7,0.89,0.0,0.49,0.49,0.89,0.0,0.49,0.49,0.89,0.0,0.98,0.98,1.0,1.5,1.5,1.5,1.0,1.5,1.5,1.5,1,3,3,3,25.494,9.248,3.152,4.428,2.348484848
550.797,0,0.785714286,1.535714286,2.357142857,1.69025302,18.88010441,13.71369329,-2.481688312,16.47069984,5.760915233,1.984582618,170.6979379,21.03,28,0,3,0,2,2,2,2,4,3,0,5,2,0,0,0,6,0,0,0,0,0,2,0,0,0,0,0,0,0,0,0,2,0,0,0,0,0,0,0,0,0,0,0,0,0,0,0,0,0,0,2,0,5,0,0,0,0,1,0,0,1,0,0,0,0,0,0,0,0,0,0,1,0,0,0,0,0,0,0,0,0,0,0,0,0,0,0,0,0,2,0,0,0,0,0,0,0,0,0,0,0,0.043478261,1.4448,1.0,40.7,0.309,6,17,7,7,0.0,0.0,0.49,0.49,0.0,0.0,0.49,0.49,0.0,0.0,0.98,0.98,1.5,0.0,1.5,1.5,1.5,0.0,1.5,1.5,3,0,3,3,18.744,7.017,2.641,3.389,2.202486679
454.713,0,0.85,1.4,1.95,2.044284137,13.31962648,9.815515147,-1.641688312,11.06546557,3.513799878,1.059134869,122.6016523,37.58,20,0,4,0,2,2,1,2,3,4,0,6,0,0,0,0,5,0,0,0,0,0,4,0,0,0,0,0,0,0,0,0,4,0,0,0,0,0,0,0,0,0,0,0,0,0,0,0,0,0,0,1,0,4,0,0,0,0,0,0,0,1,0,0,0,0,0,0,0,0,0,0,0,0,0,0,0,0,0,0,0,0,0,0,0,0,0,0,0,0,0,0,0,0,0,0,0,0,0,0,0,0,0.0,1.4448,1.0,40.7,0.309,6,17,7,7,0.0,0.0,0.49,0.49,0.0,0.0,0.49,0.49,0.0,0.0,0.98,0.98,1.5,0.0,1.5,1.5,1.5,0.0,1.5,1.5,3,0,3,3,12.535,4.263,1.433,1.944,2.561983471
591.402,0,0.787878788,1.666666667,2.636363636,1.607732938,21.47396254,16.29769696,-3.561688312,16.98587828,5.32004551,1.629790301,193.3798892,26.54,33,0,5,0,4,4,3,2,5,5,0,6,0,0,0,0,9,0,0,0,0,0,2,0,0,0,0,0,0,0,0,0,4,0,0,0,0,0,0,0,0,0,0,0,0,0,1,0,0,0,0,3,0,7,0,0,0,0,1,0,0,0,0,0,0,0,0,0,0,0,0,0,0,0,0,0,0,0,0,0,0,1,0,0,0,0,0,0,0,0,1,0,0,0,0,0,0,0,0,0,0,0,0.037037037,1.4906,2.0,37.9,0.222,6,6,6,7,0.0,0.0,0.49,0.49,0.0,0.0,0.49,0.49,0.0,0.0,0.98,0.98,1.5,1.5,1.0,1.5,1.5,1.5,1.0,1.5,3,3,2,3,20.102,6.851,2.216,2.738,2.743362832
869.647,0,0.517857143,0.982142857,1.464285714,1.173002167,39.19973089,26.61510809,-4.471688312,37.12516195,13.30247388,6.25746529,338.5867926,33.5,56,0,5,1,3,4,5,0,5,5,0,6,4,1,0,1,9,0,0,0,0,0,0,0,0,0,0,0,0,0,0,2,3,0,0,0,0,0,0,0,0,0,0,0,0,0,3,0,0,0,0,5,0,5,0,0,0,0,0,0,0,0,0,0,0,0,0,0,0,0,0,0,0,0,0,0,0,0,0,0,0,2,0,0,0,0,0,0,0,0,0,0,0,0,0,0,0,0,0,0,0,0,0.36,1.4448,1.0,40.7,0.309,8,8,7,7,0.89,0.89,0.49,0.49,0.89,0.89,0.49,0.49,0.89,0.89,0.98,0.98,1.0,1.0,2.0,2.0,1.0,1.0,1.0,1.0,1,1,3,3,41.357,15.722,7.774,8.819,2.183098592
583.383,0,0.75,1.25,1.71875,1.594583052,21.44901851,15.80122692,-2.791688312,18.74866035,6.609661224,2.061721293,190.2301889,56.67,32,0,7,0,3,3,2,2,4,7,0,8,6,0,0,0,7,0,0,0,0,0,6,0,0,0,0,0,0,0,0,0,6,0,0,0,0,0,0,0,0,0,0,0,0,0,0,2,0,0,0,2,0,4,0,0,0,0,1,0,0,0,0,0,0,0,0,0,0,0,0,0,0,0,0,0,0,0,0,0,0,0,0,0,0,0,0,0,0,0,0,0,0,0,0,0,0,0,0,0,0,0,0.333333333,1.406,1.5,36.5,0.179,6,6,7,7,0.0,0.0,0.49,0.49,0.0,0.0,0.49,0.49,0.0,0.0,0.98,0.98,1.5,1.5,1.5,1.5,1.5,1.5,1.5,1.5,3,3,3,3,21.296,8.015,2.718,3.873,2.599580713
773.559,0,0.583333333,1.229166667,1.979166667,1.332127398,32.74154725,23.03680983,-4.731688312,28.29585411,9.239291417,3.603742857,285.4553453,33.5,48,0,5,0,4,4,4,2,6,5,0,6,1,0,0,0,10,0,0,0,0,0,2,0,0,0,0,0,0,0,0,0,3,0,0,0,0,0,0,0,0,0,0,0,0,0,3,0,0,0,0,4,0,7,0,0,0,0,1,0,0,0,0,0,0,0,0,0,0,0,0,0,0,0,0,0,0,0,0,0,0,3,0,0,0,0,0,0,0,0,2,0,0,0,0,0,0,0,0,0,0,0,0.19047619,1.4448,1.0,40.7,0.309,8,6,7,7,0.89,0.0,0.49,0.49,0.89,0.0,0.49,0.49,0.89,0.0,0.98,0.98,1.0,1.5,1.5,1.5,1.0,1.5,1.5,1.5,1,3,3,3,32.635,11.499,4.789,5.446,2.357414449
582.386,0,0.875,1.75,2.59375,1.632336937,21.40504844,15.66983429,-2.841688312,17.68313692,5.375436411,1.559583274,189.5384871,21.03,32,0,3,1,3,4,2,2,4,3,0,5,2,0,0,0,8,0,0,0,0,0,2,0,0,0,0,0,0,0,0,0,2,0,0,0,0,0,0,0,0,0,0,0,0,0,0,0,0,0,0,2,0,3,0,0,0,0,0,0,0,1,0,0,0,0,0,0,0,0,0,0,0,0,0,0,0,0,0,0,0,0,0,0,0,0,0,0,0,0,2,0,0,0,0,0,0,0,0,0,0,0,0.185185185,1.4448,1.0,40.7,0.309,6,8,7,7,0.0,0.89,0.49,0.49,0.0,0.89,0.49,0.49,0.0,0.89,0.98,0.98,1.5,1.0,1.5,1.5,1.5,1.0,1.5,1.5,3,1,3,3,20.218,6.604,2.081,2.97,2.540983607
641.442,0,0.783783784,1.621621622,2.486486486,1.621902919,24.79179978,18.01291101,-3.891688312,20.1982012,6.321662936,2.051663534,217.4858337,34.13,37,0,6,0,3,3,3,3,6,6,0,7,1,0,0,0,9,0,0,0,0,0,4,0,0,0,0,0,0,0,0,0,5,0,0,0,0,0,0,0,0,0,0,0,0,0,1,2,0,0,0,3,0,7,0,0,0,0,1,0,0,0,0,0,0,0,0,0,0,0,0,0,0,0,0,0,0,0,0,0,0,1,0,0,0,0,0,0,0,0,1,0,0,0,0,0,0,0,0,0,0,0,0.133333333,1.4448,1.0,40.7,0.309,6,6,7,7,0.0,0.0,0.49,0.49,0.0,0.0,0.0,0.49,0.0,0.0,0.49,0.98,1.5,1.5,1.5,1.5,1.5,1.5,1.5,1.5,3,3,3,3,23.68,8.053,2.751,3.451,2.805429864
511.356,0,0.62962963,1.37037037,2.296296296,1.758717086,17.84672421,13.39381341,-3.011688312,15.08578772,5.491505909,1.900883282,161.7175806,11.8,27,0,2,0,2,2,2,2,4,2,0,3,0,0,0,0,6,0,0,0,0,0,2,0,0,0,0,0,0,0,0,0,2,0,0,0,0,0,0,0,0,0,0,0,0,0,0,0,0,0,0,2,0,5,0,0,0,0,0,0,0,0,0,0,0,0,0,0,0,0,0,0,0,0,0,0,0,0,0,0,0,0,0,0,0,0,0,0,0,0,2,0,0,0,0,0,0,0,0,0,0,0,0.0,1.4448,1.0,40.7,0.309,6,6,7,7,0.0,0.0,0.49,0.49,0.0,0.0,0.49,0.49,0.0,0.0,0.98,0.98,3.0,1.5,1.5,1.5,3.0,1.5,1.5,1.5,3,3,3,3,17.824,7.053,2.593,3.069,2.130584192
659.48,0,0.461538462,1.179487179,2.076923077,1.545342975,25.03444047,19.38701336,-4.531688312,19.52478855,6.194752347,1.860477222,226.5475618,21.66,39,0,4,0,3,3,4,4,8,4,0,5,0,0,0,0,11,0,0,0,0,0,4,0,0,0,0,0,0,0,0,0,4,0,0,0,0,0,0,0,0,0,0,0,0,0,0,0,0,0,0,4,0,10,0,0,0,0,0,0,0,0,0,0,0,0,0,0,0,0,0,0,0,0,0,0,0,0,0,0,0,2,0,0,0,0,0,0,0,0,2,0,0,0,0,0,0,0,0,0,0,0,0.0,1.4448,1.0,40.7,0.309,6,6,7,7,0.0,0.0,0.49,0.49,0.0,0.0,0.49,0.49,0.0,0.0,0.98,0.98,1.5,1.5,1.5,1.5,1.5,1.5,1.5,1.5,3,3,3,3,23.455,8.128,2.586,3.101,2.271062271
687.486,0,0.414634146,0.829268293,1.292682927,1.46750833,26.70816706,20.3164297,-4.791688312,21.961505,7.687545491,2.68701319,240.5459279,30.26,41,0,4,0,3,3,5,2,7,4,0,5,2,0,0,0,10,0,0,0,0,0,2,0,0,0,0,0,0,0,0,0,2,0,0,0,0,0,0,0,0,0,0,0,0,0,0,0,0,0,0,5,0,4,0,0,0,0,0,0,0,0,0,0,0,0,0,0,0,0,0,0,0,0,0,0,0,0,0,0,0,2,0,0,0,0,0,0,0,0,2,0,0,0,0,0,0,0,0,0,0,0,0.0,1.4448,1.0,40.7,0.309,8,8,7,7,0.89,0.89,0.49,0.49,0.89,0.89,0.49,0.49,0.89,0.89,0.98,0.98,1.0,1.0,1.5,1.5,1.0,1.0,1.5,1.5,1,1,3,3,26.24,10.0,3.697,4.118,2.116040956
450.721,0,0.7,1.25,1.8,2.044284137,13.31962648,9.815515147,-1.501688312,11.18985685,3.57544091,1.082734002,124.1623563,11.8,20,0,2,0,2,2,1,2,3,2,0,4,0,0,0,0,5,0,0,0,0,0,2,0,0,0,0,0,0,0,0,0,2,0,0,0,0,0,0,0,0,0,0,0,0,0,0,0,0,0,0,1,0,4,0,0,0,0,0,0,0,1,0,0,0,0,0,0,0,0,0,0,0,0,0,0,0,0,0,0,0,0,0,0,0,0,0,0,0,0,2,0,0,0,0,0,0,0,0,0,0,0,0.0,1.4448,1.0,40.7,0.309,17,6,7,7,0.0,0.0,0.49,0.49,0.0,0.0,0.49,0.49,0.0,0.0,0.98,0.98,0.0,1.5,1.5,1.5,0.0,1.5,1.5,1.5,0,3,3,3,12.535,4.263,1.433,2.0,2.530612245
599.359,0,0.75,1.3125,1.84375,1.727589905,22.08721119,15.39283197,-3.291688312,19.39785816,6.603836479,2.580448748,184.7446644,11.8,32,0,2,0,2,2,2,2,4,2,0,7,0,0,0,0,6,0,0,0,0,0,2,0,0,0,0,0,0,0,0,0,2,0,0,0,0,0,0,0,0,0,3,0,0,0,0,0,0,0,0,2,0,4,0,0,0,0,0,0,0,4,0,0,0,0,0,0,0,0,0,0,0,0,0,0,0,0,0,0,0,0,0,0,0,0,0,0,0,0,2,0,0,0,0,0,0,0,0,0,0,0,0.04,1.4448,1.0,40.7,0.309,6,6,7,7,0.0,0.0,0.49,0.49,0.0,0.0,0.49,0.49,0.0,0.0,0.98,0.98,1.5,3.0,1.5,1.5,1.5,3.0,1.5,1.5,3,3,3,3,22.463,8.294,3.529,4.003,2.551440329
450.721,0,0.75,1.45,2.3,2.101119714,13.5791395,9.815515147,-1.501688312,12.25506669,4.509761317,1.554012717,125.1681875,11.8,20,0,2,0,1,1,1,2,3,2,0,4,0,0,0,0,4,0,0,0,0,0,2,0,0,0,0,0,0,0,0,0,2,0,0,0,0,0,0,0,0,0,0,0,0,0,0,0,0,0,0,1,0,3,0,0,0,0,0,0,0,1,0,0,0,0,0,0,0,0,0,0,0,0,0,0,0,0,0,0,0,0,0,0,0,0,0,0,0,0,2,0,0,0,0,0,0,0,0,0,0,0,0.0,1.4448,1.0,40.7,0.309,6,17,7,7,0.0,0.0,0.49,0.49,0.0,0.0,0.49,0.49,0.0,0.0,0.98,0.98,1.5,0.0,1.5,1.5,1.5,0.0,1.5,1.5,3,0,3,3,13.648,5.325,2.037,2.764,2.556701031
599.421,0,0.5,1.029411765,1.617647059,1.572243311,22.27744564,16.8601399,-3.811688312,18.59704112,6.620262362,2.205999804,200.9232325,21.03,34,0,3,0,2,2,4,2,6,3,0,4,2,0,0,0,8,0,0,0,0,0,2,0,0,0,0,0,0,0,0,0,2,0,0,0,0,0,0,0,0,0,0,0,0,0,0,0,0,0,0,4,0,8,0,0,0,0,0,0,0,0,0,0,0,0,0,0,0,0,0,0,0,0,0,0,0,0,0,0,0,1,0,0,0,0,0,0,0,0,2,0,0,0,0,0,0,0,0,0,0,0,0.0,1.4448,1.0,40.7,0.309,6,8,7,7,0.0,0.89,0.49,0.49,0.0,0.89,0.49,0.49,0.0,0.89,0.98,0.98,1.5,1.0,1.5,1.5,1.5,1.0,1.5,1.5,3,1,3,3,22.026,8.514,3.112,3.621,2.094594595
534.798,0,0.740740741,1.481481481,2.333333333,1.738728851,18.17299763,13.17568849,-2.281688312,15.74483383,5.376080214,1.951344962,165.5843926,11.8,27,0,2,0,2,2,2,2,4,2,0,4,1,0,0,0,6,0,0,0,0,0,2,0,0,0,0,0,0,0,0,0,2,0,0,0,0,0,0,0,0,0,0,0,0,0,0,1,0,0,0,2,0,5,0,0,0,0,0,0,0,1,0,0,0,0,0,0,0,0,0,0,0,0,0,0,0,0,0,0,0,0,0,0,0,0,0,0,0,0,2,0,0,0,0,0,0,0,0,0,0,0,0.043478261,1.4448,1.0,40.7,0.309,6,17,7,7,0.0,0.0,0.49,0.49,0.0,0.0,0.49,0.49,0.0,0.0,0.98,0.98,1.5,0.0,1.5,1.5,1.5,0.0,1.5,1.5,3,0,3,3,17.824,6.5,2.462,3.135,2.206405694
687.486,0,0.585365854,1.024390244,1.43902439,1.419869787,28.05131281,19.54360988,-2.971688312,24.61074586,7.695845232,3.10168987,247.2230319,30.26,41,0,4,2,3,5,2,2,4,4,0,5,0,0,0,0,9,0,0,0,0,0,2,0,0,0,0,0,0,0,0,0,2,0,0,0,0,0,0,0,0,0,0,0,0,0,0,2,0,0,0,2,0,9,0,0,0,0,0,0,0,0,0,0,0,0,0,0,0,0,0,0,0,0,0,0,0,0,0,0,0,0,0,0,0,0,0,0,0,0,2,0,0,0,0,0,0,0,0,0,0,0,0.388888889,1.4969,1.0,33.9,0.099,8,8,7,7,0.89,0.89,0.49,0.49,0.89,0.89,0.49,0.49,0.89,0.89,0.98,0.98,1.0,1.0,1.5,1.5,1.0,1.0,1.5,1.5,1,1,3,3,27.322,9.048,3.757,4.62,1.919504644
603.413,0,0.735294118,1.588235294,2.529411765,1.656834161,22.34420602,16.70838056,-3.691688312,17.74015146,5.506578382,1.644296506,198.9961158,30.89,34,0,5,0,3,3,3,3,6,5,0,6,0,0,0,0,9,0,0,0,0,0,4,0,0,0,0,0,0,0,0,0,4,0,0,0,0,0,0,0,0,0,0,0,0,0,0,2,0,0,0,3,0,7,0,0,0,0,1,0,0,0,0,0,0,0,0,0,0,0,0,0,0,0,0,0,0,0,0,0,0,1,0,0,0,0,0,0,0,0,1,0,0,0,0,0,0,0,0,0,0,0,0.071428571,1.4906,2.0,37.9,0.222,6,6,7,7,0.0,0.0,0.49,0.49,0.0,0.0,0.0,0.49,0.0,0.0,0.49,0.98,1.5,1.5,1.5,1.5,1.5,1.5,1.5,1.5,3,3,3,3,20.99,7.098,2.319,2.873,2.76169265
713.927,0,0.731707317,1.341463415,1.975609756,1.591768598,29.05974897,19.30104682,-3.071688312,26.80361631,8.721907885,3.867620678,248.4646747,21.03,41,0,3,0,2,2,3,2,5,3,0,6,2,0,0,0,7,0,0,0,0,0,2,0,0,0,0,0,0,0,0,0,2,0,0,0,0,0,0,0,0,0,0,0,0,0,0,0,0,0,0,3,0,6,0,0,0,0,1,0,0,2,0,0,0,0,0,0,0,0,0,0,1,0,0,0,0,0,0,0,0,0,0,0,0,0,0,0,0,0,2,0,0,0,0,0,0,0,0,0,0,0,0.257142857,1.4448,1.0,40.7,0.309,6,17,7,7,0.0,0.0,0.49,0.49,0.0,0.0,0.49,0.49,0.0,0.0,0.98,0.98,1.5,0.0,1.5,1.5,1.5,0.0,1.5,1.5,3,0,3,3,29.697,10.261,4.688,5.702,2.344045369
